date,open,close,high,low,change_pct,volume,turnover_rate,pe,pb
2016-01-04,2.2468,2.0778,2.2737,2.0739,-9.2282,26129250,0.7769,49.4384,1.7056
2016-01-05,1.9587,2.001,2.0739,1.9242,-3.6969,38789470,1.1533,47.6107,1.6426
2016-01-06,2.0163,2.0663,2.0739,2.0087,3.263,24404800,0.7256,49.1642,1.6962
2016-01-07,2.0202,1.8858,2.024,1.8742,-8.7361,6201500,0.1844,44.8692,1.548
2016-01-08,1.928,1.9242,1.9741,1.8281,2.0367,27570871,0.8197,45.7831,1.5795
2016-01-11,1.9126,1.8051,1.9357,1.7897,-6.1876,24796366,0.7372,42.9502,1.4818
2016-01-12,1.8205,1.8205,1.8473,1.7782,0.8511,14569350,0.4332,43.3157,1.4944
2016-01-13,1.8512,1.7897,1.8589,1.7859,-1.6878,14542535,0.4324,42.5846,1.4692
2016-01-14,1.759,1.8166,1.8205,1.7052,1.5021,23685080,0.7042,43.2243,1.4913
2016-01-15,1.8051,1.7168,1.8051,1.7052,-5.4968,18583214,0.5525,40.8484,1.4093
2016-01-18,1.6668,1.7206,1.7475,1.6515,0.2237,17043970,0.5067,40.9397,1.4124
2016-01-19,1.7168,1.7821,1.7859,1.7014,3.5714,21535893,0.6403,42.4019,1.4629
2016-01-20,1.7667,1.7782,1.8243,1.7552,-0.2155,23422519,0.6964,42.3105,1.4597
2016-01-21,1.7475,1.7052,1.7936,1.6976,-4.1037,20967333,0.6234,40.5742,1.3998
2016-01-22,1.7206,1.7129,1.7398,1.6784,0.4505,13125842,0.3903,40.757,1.4061
2016-01-25,1.7321,1.7206,1.736,1.7091,0.4484,10410656,0.3095,40.9397,1.4124
2016-01-26,1.7091,1.5555,1.7091,1.5478,-9.5982,24265559,0.7215,37.0103,1.2769
2016-01-27,1.5516,1.494,1.5747,1.421,-3.9506,22965408,0.6828,35.5481,1.2264
2016-01-28,1.5017,1.3942,1.5017,1.3826,-6.6838,14495954,0.431,33.1722,1.1445
2016-01-29,1.4057,1.4479,1.4556,1.3826,3.8567,18078586,0.5375,34.4515,1.1886
2016-02-01,1.4479,1.4057,1.4518,1.3749,-2.9178,15618850,0.4644,42.3657,1.4616
2016-02-02,1.4057,1.4441,1.4633,1.4018,2.7322,14696274,0.4369,43.5233,1.5016
2016-02-03,1.4326,1.4479,1.4556,1.4095,0.266,12954482,0.3852,43.639,1.5056
2016-02-04,1.4556,1.4863,1.5017,1.4518,2.6525,18468313,0.5491,44.7965,1.5455
2016-02-05,1.494,1.5478,1.6361,1.4863,4.1344,33534551,0.997,46.6486,1.6094
2016-02-15,1.4671,1.5209,1.5516,1.4402,-1.737,22422678,0.6667,45.8383,1.5814
2016-02-16,1.5247,1.5747,1.59,1.5247,3.5354,24242194,0.7208,47.4589,1.6374
2016-02-17,1.567,1.59,1.6284,1.5516,0.9756,28943129,0.8605,47.9219,1.6533
2016-02-18,1.5823,1.5977,1.6207,1.5785,0.4831,26525028,0.7886,48.1534,1.6613
2016-02-19,1.5862,1.5785,1.5977,1.5631,-1.2019,16363132,0.4865,47.5746,1.6413
2016-02-22,1.5862,1.6092,1.6131,1.5862,1.9465,26073312,0.7752,48.5007,1.6733
2016-02-23,1.6054,1.59,1.6131,1.5708,-1.1933,20033473,0.5956,47.9219,1.6533
2016-02-24,1.59,1.6207,1.6284,1.5823,1.9324,29240167,0.8694,48.8479,1.6853
2016-02-25,1.6092,1.4671,1.6169,1.4594,-9.4787,32669320,0.9713,44.2178,1.5255
2016-02-26,1.4786,1.4825,1.4978,1.4518,1.0471,18156200,0.5398,44.6808,1.5415
2016-02-29,1.4786,1.4095,1.4786,1.3327,-4.9223,23282016,0.6922,42.4815,1.4656
2016-03-01,1.421,1.4402,1.4441,1.398,2.1798,13329663,0.3963,43.4075,1.4976
2016-03-02,1.4518,1.5209,1.5324,1.4364,5.6,26151178,0.7775,45.8383,1.5814
2016-03-03,1.5209,1.5324,1.5516,1.5055,0.7576,26137662,0.7771,46.1856,1.5934
2016-03-04,1.5247,1.5439,1.5747,1.494,0.7519,29140810,0.8664,46.5328,1.6054
2016-03-07,1.5439,1.5555,1.567,1.5324,0.7463,23133414,0.6878,46.8801,1.6174
2016-03-08,1.5478,1.5708,1.6015,1.4863,0.9877,39085740,1.1621,47.3431,1.6334
2016-03-09,1.5363,1.5171,1.5401,1.494,-3.423,19772173,0.5879,45.7226,1.5774
2016-03-10,1.5132,1.4825,1.5247,1.4786,-2.2785,14052804,0.4178,44.6808,1.5415
2016-03-11,1.471,1.4671,1.4863,1.4518,-1.0363,11385486,0.3385,44.2178,1.5255
2016-03-14,1.4863,1.5094,1.5286,1.4748,2.8796,18128041,0.539,45.4911,1.5695
2016-03-15,1.5094,1.5094,1.5171,1.4902,0.0,14150733,0.4207,45.4911,1.5695
2016-03-16,1.5055,1.5017,1.5171,1.4978,-0.5089,11428766,0.3398,45.2596,1.5615
2016-03-17,1.5055,1.5363,1.5593,1.4978,2.3018,26448611,0.7864,46.3013,1.5974
2016-03-18,1.5363,1.5747,1.5747,1.5324,2.5,32779979,0.9746,47.4589,1.6374
2016-03-21,1.5823,1.6092,1.6131,1.5823,2.1951,37060135,1.1019,48.5007,1.6733
2016-03-22,1.6015,1.5785,1.6092,1.567,-1.9093,26615757,0.7913,47.5746,1.6413
2016-03-23,1.5785,1.59,1.5977,1.5708,0.7299,17976675,0.5345,47.9219,1.6533
2016-03-24,1.5823,1.5939,1.6246,1.5593,0.2416,40089233,1.1919,48.0376,1.6573
2016-03-25,1.7552,1.7552,1.7552,1.7552,10.1205,18687133,0.5556,52.8993,1.825
2016-03-28,1.9318,1.9318,1.9318,1.9318,10.0656,7835056,0.233,58.2239,2.0088
2016-03-29,2.1239,2.1239,2.1239,2.0855,9.9404,162967138,4.8453,64.0116,2.2084
2016-03-30,2.1892,2.3351,2.3351,2.0778,9.9457,236943501,7.0448,70.378,2.4281
2016-03-31,2.4196,2.5694,2.5694,2.3812,10.0329,133535795,3.9703,77.439,2.1111
2016-04-01,2.5732,2.5156,2.6808,2.4618,-2.0927,259003722,7.7007,75.8184,2.0669
2016-04-05,2.5425,2.5502,2.6116,2.4811,1.374,174571306,5.1903,76.8602,2.0953
2016-04-06,2.5003,2.5617,2.6347,2.4926,0.4518,145148896,4.3155,77.2075,2.1048
2016-04-07,2.5387,2.5233,2.5809,2.5041,-1.4992,118527255,3.524,76.05,2.0732
2016-04-08,2.4964,2.4234,2.5156,2.3697,-3.9574,104930504,3.1198,73.0404,1.9912
2016-04-11,2.4426,2.4388,2.4734,2.4119,0.6339,83364905,2.4786,73.5034,2.0038
2016-04-12,2.4234,2.3543,2.4388,2.2967,-3.4646,110132844,3.2744,70.9568,1.9344
2016-04-13,2.3543,2.362,2.4618,2.3505,0.3263,107313508,3.1906,71.1883,1.9407
2016-04-14,2.3697,2.4004,2.4081,2.3389,1.626,62250652,1.8508,72.3458,1.9722
2016-04-15,2.3889,2.3774,2.4004,2.3582,-0.96,48748652,1.4494,71.6513,1.9533
2016-04-18,2.3735,2.3889,2.4311,2.3236,0.4846,74908677,2.2272,71.9986,1.9628
2016-04-19,2.3927,2.362,2.4081,2.3313,-1.1254,58764978,1.7472,71.1883,1.9407
2016-04-20,2.3697,2.1892,2.3735,2.1277,-7.3171,116272743,3.457,65.9794,1.7987
2016-04-21,2.1738,2.1431,2.2045,2.1354,-2.1053,51173355,1.5215,64.5904,1.7608
2016-04-22,2.1392,2.216,2.2929,2.1277,3.405,76874684,2.2856,66.7897,1.8208
2016-04-25,2.1815,2.2045,2.2084,2.1508,-0.5199,35205329,1.0467,66.4424,1.8113
2016-04-26,2.193,2.266,2.289,2.1853,2.7875,53451570,1.5892,68.2945,1.8618
2016-04-27,2.266,2.2084,2.2852,2.2045,-2.5424,46443688,1.3809,66.5582,1.8145
2016-04-28,2.2084,2.2583,2.266,2.193,2.2609,50312596,1.4959,68.063,1.8555
2016-04-29,2.2353,2.2391,2.2621,2.2199,-0.8503,31607289,0.9397,67.4842,1.8397
2016-05-03,2.2353,2.2813,2.2929,2.2237,1.8868,41842460,1.2441,68.7575,1.8744
2016-05-04,2.2775,2.3005,2.3697,2.2621,0.8417,56449243,1.6783,69.3363,1.8902
2016-05-05,2.2813,2.362,2.3927,2.2813,2.6711,60135968,1.788,71.1883,1.9407
2016-05-06,2.3543,2.2122,2.3582,2.2084,-6.3415,75085331,2.2324,66.6739,1.8176
2016-05-09,2.1968,2.1584,2.216,2.1431,-2.4306,36211288,1.0766,65.0534,1.7734
2016-05-10,2.17,2.1661,2.193,2.1508,0.3559,23631287,0.7026,65.2849,1.7797
2016-05-11,2.1738,2.1469,2.1853,2.1316,-0.8865,22267085,0.662,64.7061,1.764
2016-05-12,2.1316,2.12,2.1354,2.0586,-1.2522,28637415,0.8514,63.8958,1.7419
2016-05-13,2.1047,2.1431,2.1892,2.1008,1.087,29486535,0.8767,64.5904,1.7608
2016-05-16,2.12,2.1508,2.1584,2.0893,0.3584,28363639,0.8433,64.8219,1.7671
2016-05-17,2.1469,2.1162,2.1469,2.1047,-1.6071,23444376,0.697,63.7801,1.7387
2016-05-18,2.1008,2.0547,2.1047,2.024,-2.9038,30633709,0.9108,61.928,1.6882
2016-05-19,2.0394,2.0432,2.0778,2.0394,-0.5607,17362921,0.5162,61.5808,1.6788
2016-05-20,2.0509,2.0855,2.0855,2.0432,2.0677,23853240,0.7092,62.8541,1.7135
2016-05-23,2.1124,2.1124,2.1239,2.0931,1.2891,25118810,0.7468,63.6643,1.7356
2016-05-24,2.1239,2.0855,2.1239,2.0663,-1.2727,18303540,0.5442,62.8541,1.7135
2016-05-25,2.1008,2.0739,2.1162,2.0739,-0.5525,15897926,0.4727,62.5068,1.704
2016-05-26,2.0739,2.0855,2.0893,2.0163,0.5556,22876907,0.6802,62.8541,1.7135
2016-05-27,2.0778,2.0701,2.0855,2.0509,-0.7366,19867022,0.5907,62.3911,1.7009
2016-05-30,2.0624,2.0471,2.0739,2.024,-1.1132,12540564,0.3729,61.6965,1.6819
2016-05-31,2.0547,2.1316,2.1354,2.0471,4.1276,38725750,1.1514,64.2431,1.7513
2016-06-01,2.1277,2.2237,2.3466,2.1162,4.3243,81885945,2.4346,67.0212,1.8271
2016-06-02,2.2007,2.2353,2.2468,2.1815,0.5181,47306884,1.4065,67.3684,1.8365
2016-06-03,2.2237,2.216,2.2314,2.1892,-0.8591,30722273,0.9134,66.7897,1.8208
2016-06-06,2.2199,2.2084,2.2276,2.2007,-0.3466,21604182,0.6423,66.5582,1.8145
2016-06-07,2.2084,2.2084,2.2199,2.1892,0.0,16316608,0.4851,66.5582,1.8145
2016-06-08,2.2084,2.2122,2.2199,2.2007,0.1739,18434552,0.5481,66.6739,1.8176
2016-06-13,2.1815,2.1047,2.1853,2.0931,-4.8611,29084216,0.8647,63.4328,1.7293
2016-06-14,2.097,2.1008,2.1277,2.0893,-0.1825,15378735,0.4572,63.3171,1.7261
2016-06-15,2.0893,2.17,2.1892,2.0816,3.2907,30345815,0.9022,65.4006,1.7829
2016-06-16,2.1623,2.1431,2.1815,2.1316,-1.2389,20254164,0.6022,64.5904,1.7608
2016-06-17,2.1546,2.193,2.2237,2.1546,2.3298,38408990,1.142,66.0952,1.8018
2016-06-20,2.193,2.193,2.216,2.1738,0.0,19891117,0.5914,66.0952,1.8018
2016-06-21,2.1968,2.1661,2.2237,2.1546,-1.2259,25435437,0.7562,65.2849,1.7797
2016-06-22,2.1584,2.1968,2.1968,2.1508,1.4184,14373274,0.4273,66.2109,1.805
2016-06-23,2.1892,2.1853,2.2122,2.1738,-0.5245,14770916,0.4392,65.8637,1.7955
2016-06-24,2.1892,2.2429,2.2813,2.1853,2.6362,68058946,2.0235,67.6,1.8429
2016-06-27,2.2353,2.2929,2.2967,2.2122,2.226,50142387,1.4908,69.1048,1.8839
2016-06-28,2.2737,2.3005,2.3389,2.2506,0.335,47755866,1.4199,69.3363,1.8902
2016-06-29,2.3044,2.2775,2.3044,2.2621,-1.0017,33971523,1.01,68.6417,1.8713
2016-06-30,2.2698,2.2698,2.3121,2.2621,-0.3373,25473736,0.7574,68.4102,1.899
2016-07-01,2.2737,2.2429,2.2813,2.2314,-1.1844,27212178,0.8091,67.6,1.8765
2016-07-04,2.2276,2.2737,2.2737,2.2199,1.3699,28166114,0.8374,68.526,1.9022
2016-07-05,2.2621,2.3274,2.3505,2.2621,2.3649,63747335,1.8953,70.1465,1.9472
2016-07-06,2.3005,2.2929,2.3082,2.2813,-1.4852,37129112,1.1039,69.1048,1.9183
2016-07-07,2.2852,2.3082,2.3466,2.2813,0.67,37537986,1.1161,69.5678,1.9311
2016-07-08,2.3044,2.3351,2.362,2.2929,1.1647,46872751,1.3936,70.378,1.9536
2016-07-11,2.3236,2.3389,2.3812,2.3159,0.1645,51540900,1.5324,70.4938,1.9568
2016-07-12,2.3313,2.3351,2.3466,2.2929,-0.1642,42640444,1.2678,70.378,1.9536
2016-07-13,2.3313,2.3582,2.3658,2.3313,0.9868,39080245,1.1619,71.0726,1.9729
2016-07-14,2.3428,2.362,2.3812,2.3428,0.1629,27580349,0.82,71.1883,1.9761
2016-07-15,2.3543,2.3505,2.3697,2.3428,-0.4878,19211958,0.5712,70.8411,1.9665
2016-07-18,2.3466,2.3159,2.3505,2.3082,-1.4706,24328218,0.7233,69.7993,1.9375
2016-07-19,2.3082,2.362,2.3658,2.3082,1.99,30229014,0.8988,71.1883,1.9761
2016-07-20,2.3582,2.3428,2.3697,2.3389,-0.813,21270230,0.6324,70.6095,1.96
2016-07-21,2.3505,2.3582,2.3697,2.3351,0.6557,22855237,0.6795,71.0726,1.9729
2016-07-22,2.362,2.3812,2.3927,2.3466,0.9772,39387333,1.1711,71.7671,1.9922
2016-07-25,2.3735,2.4426,2.4465,2.362,2.5807,48031706,1.4281,73.6191,2.0436
2016-07-26,2.4004,2.3927,2.4158,2.3735,-2.044,63380943,1.8844,72.1143,2.0018
2016-07-27,2.3966,2.3121,2.4388,2.266,-3.3708,69698947,2.0723,69.6835,1.9343
2016-07-28,2.3159,2.3197,2.3313,2.2737,0.3322,30885823,0.9183,69.915,1.9407
2016-07-29,2.3121,2.2852,2.3313,2.2621,-1.4901,37868682,1.1259,68.8732,1.9118
2016-08-01,2.2941,2.2314,2.3479,2.2135,-2.3529,54263742,0.7015,66.2919,1.8402
2016-08-02,2.1597,2.1956,2.1956,2.1508,-1.6064,69373830,0.8968,65.227,1.8106
2016-08-03,2.1866,2.1687,2.1866,2.1597,-1.2245,41066654,0.5309,64.4283,1.7884
2016-08-04,2.1687,2.1956,2.2224,2.1508,1.2397,47610061,0.6154,65.227,1.8106
2016-08-05,2.1776,2.1956,2.2224,2.1687,0.0,43889872,0.5674,65.227,1.8106
2016-08-08,2.1866,2.2493,2.2583,2.1776,2.449,61659116,0.7971,66.8244,1.855
2016-08-09,2.2314,2.2493,2.2493,2.2135,0.0,40746289,0.5267,66.8244,1.855
2016-08-10,2.2404,2.3121,2.3658,2.2314,2.7888,86626743,1.1198,68.688,1.9067
2016-08-11,2.2941,2.2583,2.3121,2.2493,-2.3256,57937929,0.749,67.0906,1.8623
2016-08-12,2.2493,2.2762,2.2852,2.2404,0.7937,32044114,0.4142,67.6231,1.8771
2016-08-15,2.2673,2.3031,2.321,2.2583,1.1811,65783802,0.8504,68.4218,1.8993
2016-08-16,2.3031,2.3031,2.321,2.2852,0.0,47286425,0.6113,68.4218,1.8993
2016-08-17,2.3031,2.2852,2.3031,2.2762,-0.7782,38980105,0.5039,67.8893,1.8845
2016-08-18,2.2852,2.33,2.3569,2.2673,1.9608,119728471,1.5477,69.2205,1.9215
2016-08-19,2.3031,2.3031,2.3121,2.2852,-1.1538,62875746,0.8128,68.4218,1.8993
2016-08-22,2.2941,2.2762,2.3031,2.2673,-1.1673,35862930,0.4636,67.6231,1.8771
2016-08-23,2.2762,2.2941,2.3121,2.2673,0.7874,38926578,0.5032,68.1556,1.8919
2016-08-24,2.2852,2.3031,2.33,2.2762,0.3906,58876433,0.7611,68.4218,1.8993
2016-08-25,2.2852,2.2583,2.2941,2.2404,-1.9455,55594674,0.7187,67.0906,1.8623
2016-08-26,2.2583,2.2583,2.2762,2.2493,0.0,27078614,0.35,67.0906,1.8623
2016-08-29,2.2583,2.2493,2.2583,2.2404,-0.3968,26217783,0.3389,66.8244,1.855
2016-08-30,2.2583,2.2314,2.2583,2.2314,-0.7968,34233624,0.4425,66.2919,1.8402
2016-08-31,2.2404,2.2404,2.2404,2.2224,0.4016,26646346,0.3445,66.5582,1.8476
2016-09-01,2.2852,2.2852,2.3569,2.2762,2.0,129320740,1.6717,67.8893,1.8845
2016-09-02,2.2583,2.2583,2.2762,2.2493,-1.1765,56528675,0.7307,67.0906,1.8623
2016-09-05,2.2583,2.2583,2.2673,2.2493,0.0,34643077,0.4478,67.0906,1.8623
2016-09-06,2.2583,2.2673,2.2673,2.2404,0.3968,44368218,0.5735,67.3569,1.8697
2016-09-07,2.2673,2.2583,2.2673,2.2493,-0.3953,33952892,0.4389,67.0906,1.8623
2016-09-08,2.2583,2.2583,2.2583,2.2404,0.0,23418907,0.3027,67.0906,1.8623
2016-09-09,2.2493,2.2493,2.2583,2.2404,-0.3968,25233800,0.3262,66.8244,1.855
2016-09-12,2.2314,2.2045,2.2404,2.1956,-1.992,49981403,0.6461,65.4932,1.818
2016-09-13,2.2135,2.2045,2.2135,2.2045,0.0,18622961,0.2407,65.4932,1.818
2016-09-14,2.2045,2.2045,2.2045,2.1866,0.0,19840779,0.2565,65.4932,1.818
2016-09-19,2.1956,2.2045,2.2135,2.1866,0.0,19167132,0.2478,65.4932,1.818
2016-09-20,2.2045,2.1956,2.2045,2.1866,-0.4065,19715300,0.2549,65.227,1.8106
2016-09-21,2.1866,2.1956,2.1956,2.1776,0.0,25333786,0.3275,65.227,1.8106
2016-09-22,2.1956,2.1956,2.2045,2.1866,0.0,23256319,0.3006,65.227,1.8106
2016-09-23,2.2045,2.1776,2.2045,2.1776,-0.8163,14609850,0.1889,64.6945,1.7958
2016-09-26,2.1776,2.1418,2.1776,2.1328,-1.6461,33382597,0.4315,63.6296,1.7663
2016-09-27,2.1328,2.1328,2.1328,2.1059,-0.4184,24307827,0.3142,63.3634,1.7589
2016-09-28,2.1328,2.1239,2.1328,2.1149,-0.4202,15987231,0.2067,63.0972,1.7515
2016-09-29,2.1149,2.1149,2.1239,2.1059,-0.4219,16901882,0.2185,62.8309,1.7441
2016-09-30,2.1149,2.1149,2.1239,2.1059,0.0,15985771,0.2066,62.8309,1.7314
2016-10-10,2.1239,2.1508,2.1508,2.1149,1.6949,27004485,0.3491,63.8958,1.7608
2016-10-11,2.1418,2.1597,2.1687,2.1328,0.4167,29184377,0.3773,64.1621,1.7681
2016-10-12,2.1508,2.1866,2.1956,2.1418,1.2448,40171414,0.5193,64.9608,1.7901
2016-10-13,2.1687,2.1776,2.1776,2.1597,-0.4098,23233402,0.3003,64.6945,1.7828
2016-10-14,2.1687,2.1597,2.1687,2.1418,-0.823,19778229,0.2557,64.1621,1.7681
2016-10-17,2.1597,2.1508,2.1597,2.1418,-0.4149,18001550,0.2327,63.8958,1.7608
2016-10-18,2.1508,2.1776,2.1776,2.1418,1.25,31982551,0.4134,64.6945,1.7828
2016-10-19,2.1776,2.1776,2.1776,2.1597,0.0,30560713,0.3951,64.6945,1.7828
2016-10-20,2.1687,2.2045,2.2314,2.1687,1.2346,54869616,0.7093,65.4932,1.8048
2016-10-21,2.1956,2.1956,2.2224,2.1776,-0.4065,48846674,0.6314,65.227,1.7974
2016-10-24,2.1866,2.2224,2.2404,2.1687,1.2245,70631958,0.9131,66.0257,1.8194
2016-10-25,2.2135,2.2135,2.2224,2.1956,-0.4032,34366953,0.4443,65.7595,1.8121
2016-10-26,2.2135,2.1956,2.2135,2.1866,-0.8097,26724880,0.3455,65.227,1.7974
2016-10-27,2.1866,2.1866,2.1956,2.1776,-0.4082,18256899,0.236,64.9608,1.7901
2016-10-28,2.1866,2.1866,2.2045,2.1776,0.0,27414570,0.3544,64.9608,1.7901
2016-10-31,2.1776,2.1776,2.1866,2.1597,-0.4098,22189660,0.2868,64.6945,1.7828
2016-11-01,2.1687,2.1776,2.1776,2.1597,0.0,20083753,0.2596,64.6945,1.7828
2016-11-02,2.1687,2.1687,2.1776,2.1597,-0.4115,16389972,0.2119,64.4283,1.7754
2016-11-03,2.1597,2.1687,2.1776,2.1508,0.0,28417603,0.3674,64.4283,1.7754
2016-11-04,2.1687,2.1597,2.1687,2.1508,-0.4132,19940561,0.2578,64.1621,1.7681
2016-11-07,2.1597,2.1776,2.1776,2.1418,0.8299,32090885,0.4148,64.6945,1.7828
2016-11-08,2.1687,2.1687,2.1776,2.1597,-0.4115,19990307,0.2584,64.4283,1.7754
2016-11-09,2.1687,2.1687,2.1866,2.1508,0.0,38445999,0.497,64.4283,1.7754
2016-11-10,2.1687,2.1866,2.1866,2.1597,0.8264,36781784,0.4755,64.9608,1.7901
2016-11-11,2.1776,2.2224,2.2224,2.1776,1.6393,96138112,1.2428,66.0257,1.8194
2016-11-14,2.2045,2.4465,2.4465,2.2045,10.0806,226900658,2.9331,72.6815,2.0029
2016-11-15,2.6884,2.6884,2.6884,2.6884,9.8901,81928873,1.0591,79.8698,2.2009
2016-11-16,2.8677,2.9573,2.9573,2.7333,10.0,563038064,7.2783,87.8568,2.421
2016-11-17,2.9394,2.9214,3.2172,2.8498,-1.2121,804290160,10.397,86.7919,2.3917
2016-11-18,2.8408,2.8498,2.9125,2.7691,-2.454,459837664,5.9443,84.662,2.333
2016-11-21,2.787,2.7512,2.8229,2.7243,-3.4591,309273648,3.9979,81.7334,2.2523
2016-11-22,2.7601,2.787,2.8049,2.7153,1.3029,263881675,3.4112,82.7984,2.2816
2016-11-23,2.7601,2.7243,2.7781,2.7153,-2.2508,192539340,2.4889,80.9347,2.2303
2016-11-24,2.7243,2.7243,2.7691,2.6884,0.0,180387348,2.3318,80.9347,2.2303
2016-11-25,2.6974,2.6436,2.7153,2.5988,-2.9605,199152930,2.5744,78.5386,2.1643
2016-11-28,2.6436,2.6795,2.7153,2.6078,1.3559,174055707,2.25,79.6036,2.1936
2016-11-29,2.6705,2.6526,2.6884,2.6347,-1.0033,137608337,1.7788,78.8049,2.1716
2016-11-30,2.6436,2.5988,2.6526,2.5809,-2.027,116591407,1.5072,77.2075,2.1276
2016-12-01,2.5988,2.6347,2.6616,2.5899,1.3793,101755981,1.3154,78.2724,2.1569
2016-12-02,2.6257,2.6078,2.6257,2.5988,-1.0204,81927782,1.0591,77.4737,2.1349
2016-12-05,2.5899,2.5988,2.6347,2.5719,-0.3436,67396901,0.8712,77.2075,2.1276
2016-12-06,2.5988,2.563,2.6078,2.554,-1.3793,74088775,0.9577,76.1426,2.0982
2016-12-07,2.554,2.5988,2.6078,2.5271,1.3986,84374410,1.0907,77.2075,2.1276
2016-12-08,2.5899,2.5899,2.6078,2.563,-0.3448,68871938,0.8903,76.9413,2.1202
2016-12-09,2.5899,2.6078,2.6078,2.563,0.692,73203111,0.9463,77.4737,2.1349
2016-12-12,2.6078,2.4465,2.6078,2.4196,-6.1856,133673201,1.728,72.6815,2.0029
2016-12-13,2.4286,2.4465,2.4465,2.3838,0.0,58051248,0.7504,72.6815,2.0029
2016-12-14,2.4286,2.4286,2.4823,2.4106,-0.7326,62141616,0.8033,72.1491,1.9882
2016-12-15,2.4106,2.4465,2.4554,2.4017,0.738,46480889,0.6009,72.6815,2.0029
2016-12-16,2.4375,2.4644,2.4644,2.4286,0.7326,43513919,0.5625,73.214,2.0175
2016-12-19,2.4465,2.4823,2.4913,2.4375,0.7273,56528270,0.7307,73.7465,2.0322
2016-12-20,2.4823,2.6078,2.6436,2.4644,5.0542,194509164,2.5144,77.4737,2.1349
2016-12-21,2.5988,2.6884,2.6884,2.554,3.0928,212292078,2.7443,79.8698,2.2009
2016-12-22,2.6616,2.6168,2.6795,2.6078,-2.6667,132162954,1.7085,77.74,2.1423
2016-12-23,2.5988,2.554,2.6078,2.5271,-2.3973,82638689,1.0683,75.8763,2.0909
2016-12-26,2.5271,2.5899,2.6078,2.4823,1.4035,73992356,0.9565,76.9413,2.1202
2016-12-27,2.563,2.554,2.6078,2.5451,-1.3841,59309870,0.7667,75.8763,2.0909
2016-12-28,2.5451,2.5271,2.5809,2.5182,-1.0526,41467898,0.5361,75.0776,2.0689
2016-12-29,2.5182,2.5003,2.5271,2.4913,-1.0638,35992317,0.4653,74.2789,2.0469
2016-12-30,2.4913,2.5092,2.5182,2.4823,0.3584,27195150,0.3515,74.5452,2.0542
2017-01-03,2.5092,2.5361,2.554,2.5003,1.0714,35443840,0.4582,68.7206,2.0532
2017-01-04,2.5451,2.554,2.563,2.5271,0.7067,35773677,0.4624,69.2063,2.0677
2017-01-05,2.5451,2.5451,2.554,2.5271,-0.3509,36556115,0.4726,68.9635,2.0604
2017-01-06,2.554,2.563,2.5899,2.5361,0.7042,58659334,0.7583,69.4491,2.0749
2017-01-09,2.5451,2.5899,2.5899,2.5271,1.049,64957668,0.8397,70.1776,2.0967
2017-01-10,2.5899,2.563,2.5899,2.563,-1.0381,40891189,0.5286,69.4491,2.0749
2017-01-11,2.554,2.5361,2.5719,2.5182,-1.049,46301620,0.5985,68.7206,2.0532
2017-01-12,2.5271,2.5092,2.5451,2.5003,-1.0601,45934520,0.5938,67.9922,2.0314
2017-01-13,2.5003,2.4644,2.5182,2.4554,-1.7857,45294670,0.5855,66.778,1.9951
2017-01-16,2.4644,2.4017,2.4644,2.321,-2.5455,56307831,0.7279,65.0782,1.9443
2017-01-17,2.3927,2.4196,2.4286,2.3748,0.7463,28889797,0.3735,65.5639,1.9588
2017-01-18,2.4106,2.4644,2.5092,2.4017,1.8519,43346654,0.5603,66.778,1.9951
2017-01-19,2.4465,2.4465,2.4644,2.4375,-0.7273,24097390,0.3115,66.2924,1.9806
2017-01-20,2.4375,2.4644,2.4734,2.4286,0.7326,31171175,0.4029,66.778,1.9951
2017-01-23,2.4644,2.5092,2.5092,2.4644,1.8182,54403277,0.7033,67.9922,2.0314
2017-01-24,2.5361,2.5271,2.5719,2.5092,0.7143,64111448,0.8288,68.4778,2.0459
2017-01-25,2.5092,2.4913,2.5182,2.4913,-1.4184,34712365,0.4487,67.5065,2.0169
2017-01-26,2.4913,2.4913,2.5092,2.4823,0.0,24586380,0.3178,67.5065,2.0169
2017-02-03,2.4913,2.5003,2.5092,2.4823,0.3597,14609917,0.1889,67.7493,2.0241
2017-02-06,2.5003,2.5182,2.5271,2.4913,0.7168,26978718,0.3488,68.235,2.0387
2017-02-07,2.5092,2.5092,2.5182,2.4913,-0.3559,28435828,0.3676,67.9922,2.0314
2017-02-08,2.5092,2.5271,2.5271,2.4913,0.7143,38694964,0.5002,68.4778,2.0459
2017-02-09,2.5182,2.554,2.554,2.5092,1.0638,63200998,0.817,69.2063,2.0677
2017-02-10,2.5451,2.6436,2.7333,2.5361,3.5088,184151561,2.3805,71.6346,2.1402
2017-02-13,2.6347,2.6168,2.6436,2.5988,-1.0169,91060314,1.1771,70.9061,2.1185
2017-02-14,2.6168,2.6616,2.6884,2.6078,1.7123,102767573,1.3285,72.1203,2.1547
2017-02-15,2.6526,2.6526,2.7064,2.6257,-0.3367,119566818,1.5456,71.8774,2.1475
2017-02-16,2.6347,2.6616,2.6705,2.6168,0.3378,77972700,1.0079,72.1203,2.1547
2017-02-17,2.6616,2.6795,2.7422,2.6347,0.6734,166246117,2.149,72.6059,2.1692
2017-02-20,2.6616,2.7153,2.7243,2.6616,1.3378,118421437,1.5308,73.5772,2.1983
2017-02-21,2.7064,2.6884,2.7153,2.6705,-0.9901,89590562,1.1581,72.8487,2.1765
2017-02-22,2.6884,2.6884,2.6974,2.6616,0.0,58846743,0.7607,72.8487,2.1765
2017-02-23,2.6795,2.6436,2.6795,2.6257,-1.6667,88700561,1.1466,71.6346,2.1402
2017-02-24,2.6347,2.6436,2.6436,2.6078,0.0,57646050,0.7452,71.6346,2.1402
2017-02-27,2.6436,2.6257,2.6436,2.6168,-0.678,35031545,0.4528,71.1489,2.1257
2017-02-28,2.6257,2.6347,2.6436,2.6168,0.3413,27146670,0.3509,71.3918,2.133
2017-03-01,2.6257,2.6257,2.6436,2.6168,-0.3401,42184510,0.5453,71.1489,2.1257
2017-03-02,2.6257,2.6168,2.6436,2.6168,-0.3413,29784382,0.385,70.9061,2.1185
2017-03-03,2.6078,2.5899,2.6168,2.5719,-1.0274,49104270,0.6348,70.1776,2.0967
2017-03-06,2.5899,2.5988,2.6078,2.5809,0.346,30607037,0.3957,70.4204,2.1039
2017-03-07,2.5988,2.6347,2.6436,2.5899,1.3793,52674470,0.6809,71.3918,2.133
2017-03-08,2.6168,2.6078,2.6257,2.5988,-1.0204,30648553,0.3962,70.6633,2.1112
2017-03-09,2.5988,2.5899,2.6168,2.5719,-0.6873,37168514,0.4805,70.1776,2.0967
2017-03-10,2.5899,2.5899,2.5988,2.5719,0.0,25060183,0.3239,70.1776,2.0967
2017-03-13,2.5809,2.6078,2.6078,2.563,0.692,32421144,0.4191,70.6633,2.1112
2017-03-14,2.5988,2.5809,2.6078,2.5809,-1.0309,27740427,0.3586,69.9348,2.0894
2017-03-15,2.5809,2.5809,2.5899,2.5719,0.0,19866281,0.2568,69.9348,2.0894
2017-03-16,2.5719,2.6078,2.6168,2.5719,1.0417,39479636,0.5103,70.6633,2.1112
2017-03-17,2.5988,2.5719,2.6078,2.5719,-1.3746,36904783,0.4771,69.692,2.0822
2017-03-20,2.5809,2.5899,2.5899,2.5719,0.6969,23594472,0.305,70.1776,2.0967
2017-03-21,2.5809,2.6347,2.7153,2.5809,1.7301,92278904,1.1929,71.3918,2.133
2017-03-22,2.6078,2.6347,2.6616,2.5899,0.0,76362404,0.9871,71.3918,2.133
2017-03-23,2.6257,2.6168,2.6347,2.5899,-0.6803,54457180,0.704,70.9061,2.1185
2017-03-24,2.6168,2.6795,2.7064,2.6078,2.3973,181815579,2.3503,72.6059,2.1692
2017-03-27,2.6974,2.7601,2.7781,2.6884,3.01,243716068,3.1505,74.7914,2.2345
2017-03-28,2.787,2.6974,2.8139,2.6884,-2.2727,133918175,1.7311,73.0916,2.1838
2017-03-29,2.6974,2.9663,2.9663,2.6884,9.9668,380809088,4.9227,80.3764,2.4014
2017-03-30,3.0021,2.9931,3.2172,2.8766,0.9063,658149216,8.5078,81.1049,2.4232
2017-03-31,2.9125,2.7781,2.9214,2.7422,-7.1856,308580080,3.989,75.277,2.2292
2017-04-05,2.7781,2.8139,2.8677,2.7601,1.2903,176290764,2.2789,76.2483,2.2579
2017-04-06,2.8049,2.9214,3.029,2.7601,3.8217,316816368,4.0954,79.1623,2.3442
2017-04-07,2.8677,2.8408,2.8766,2.8049,-2.7607,161528825,2.0881,76.9768,2.2795
2017-04-10,2.8318,2.8677,2.8856,2.7781,0.9464,152300898,1.9688,77.7053,2.3011
2017-04-11,2.8677,2.9931,3.0648,2.8318,4.375,339063744,4.383,81.1049,2.4017
2017-04-12,2.9394,2.9483,3.0738,2.9304,-1.497,239785785,3.0997,79.8908,2.3658
2017-04-13,2.9394,2.9931,3.0469,2.9125,1.5198,186581137,2.4119,81.1049,2.4017
2017-04-14,2.9752,2.8856,3.0111,2.8766,-3.5928,149338657,1.9305,78.191,2.3155
2017-04-17,2.8677,2.8408,2.9125,2.8049,-1.5528,112249195,1.451,76.9768,2.2795
2017-04-18,2.8229,2.8229,2.8677,2.8139,-0.6309,87662081,1.1332,76.4912,2.2651
2017-04-19,2.8049,2.7512,2.8229,2.7153,-2.5397,109217173,1.4118,74.5485,2.2076
2017-04-20,2.7691,2.8139,2.8408,2.7601,2.2801,102595503,1.3262,76.2483,2.2579
2017-04-21,2.796,2.7781,2.8049,2.7601,-1.2739,63817224,0.825,75.277,2.2292
2017-04-24,2.7781,2.6616,2.7781,2.6436,-4.1935,101735518,1.3151,72.1203,2.1357
2017-04-25,2.6436,2.6884,2.7153,2.6436,1.0101,51663638,0.6678,72.8487,2.1573
2017-04-26,2.6884,2.6884,2.7064,2.6616,0.0,46023502,0.5949,72.8487,2.1573
2017-04-27,2.6705,2.7333,2.7781,2.5899,1.6667,115737903,1.4961,74.0629,2.1932
2017-04-28,2.6974,2.7243,2.7422,2.6884,-0.3279,51859391,0.6704,73.8201,2.186
2017-05-02,2.7243,2.7512,2.8139,2.7153,0.9868,65282055,0.8439,74.5485,2.2076
2017-05-03,2.7512,2.7601,2.8049,2.7333,0.3257,68809323,0.8895,74.7914,2.2148
2017-05-04,2.7422,2.7153,2.7601,2.7064,-1.6234,62467995,0.8075,73.5772,2.1788
2017-05-05,2.7243,2.6884,2.7333,2.6795,-0.9901,50039663,0.6469,72.8487,2.1573
2017-05-08,2.6705,2.6347,2.6795,2.6078,-2.0,60649599,0.784,71.3918,2.1141
2017-05-09,2.6168,2.6436,2.6436,2.6078,0.3401,33208120,0.4293,71.6346,2.1213
2017-05-10,2.6436,2.5899,2.6705,2.5809,-2.0339,49549752,0.6405,70.1776,2.0782
2017-05-11,2.5719,2.6257,2.6436,2.5003,1.3841,74090187,0.9578,71.1489,2.1069
2017-05-12,2.6078,2.6616,2.7333,2.5899,1.3652,82037709,1.0605,72.1203,2.1357
2017-05-15,2.6705,2.6257,2.6974,2.6168,-1.3468,53560060,0.6924,71.1489,2.1069
2017-05-16,2.6168,2.6436,2.6526,2.563,0.6826,48585884,0.6281,71.6346,2.1213
2017-05-17,2.6526,2.6526,2.6884,2.6347,0.339,64042116,0.8279,71.8774,2.1285
2017-05-18,2.6347,2.6078,2.6347,2.5988,-1.6892,48745449,0.6301,70.6633,2.0925
2017-05-19,2.6078,2.5899,2.6168,2.5899,-0.6873,26437177,0.3418,70.1776,2.0782
2017-05-22,2.5899,2.5451,2.5988,2.5361,-1.7301,42084763,0.544,68.9635,2.0422
2017-05-23,2.5451,2.5182,2.563,2.5092,-1.0563,33294289,0.4304,68.235,2.0206
2017-05-24,2.5092,2.5361,2.5361,2.4734,0.7117,38673753,0.4999,68.7206,2.035
2017-05-25,2.5271,2.5451,2.554,2.5003,0.3534,35389227,0.4575,68.9635,2.0422
2017-05-26,2.5451,2.5451,2.563,2.5361,0.0,24931620,0.3223,68.9635,2.0422
2017-05-31,2.5451,2.563,2.5899,2.5451,0.7042,25880714,0.3346,69.4491,2.0566
2017-06-01,2.563,2.5092,2.563,2.5003,-2.0979,25927960,0.3352,67.9922,2.0134
2017-06-02,2.5092,2.5271,2.5361,2.4823,0.7143,28231225,0.3649,68.4778,2.0278
2017-06-05,2.5361,2.5451,2.5451,2.5182,0.7092,23175624,0.2996,68.9635,2.0422
2017-06-06,2.5361,2.5451,2.5451,2.5271,0.0,18975716,0.2453,68.9635,2.0422
2017-06-07,2.5451,2.5988,2.6078,2.5361,2.1127,61219624,0.7914,70.4204,2.0853
2017-06-08,2.5899,2.6168,2.6347,2.5719,0.6897,72810192,0.9412,70.9061,2.0997
2017-06-09,2.6078,2.6526,2.6705,2.5899,1.3699,85105470,1.1001,71.8774,2.1285
2017-06-12,2.6616,2.6078,2.6616,2.6078,-1.6892,33481490,0.4328,70.6633,2.0925
2017-06-13,2.6078,2.6078,2.6078,2.6078,,,,70.6633,2.0925
2017-06-14,2.8677,2.8677,2.8677,2.8587,9.9656,65135984,0.842,77.7053,2.3011
2017-06-15,3.0379,2.787,3.0379,2.7601,-2.8125,215392841,2.7844,75.5199,2.2364
2017-06-16,2.7601,2.7333,2.787,2.7064,-1.9293,93725192,1.2116,74.0629,2.1932
2017-06-19,2.7243,2.7243,2.7512,2.7064,-0.3279,63241546,0.8175,73.8201,2.186
2017-06-20,2.7064,2.7153,2.7243,2.6974,-0.3289,49429200,0.639,73.5772,2.1788
2017-06-21,2.7243,2.6795,2.7243,2.6705,-1.3201,47122570,0.6091,72.6059,2.1501
2017-06-22,2.6795,2.6526,2.6974,2.6526,-1.0033,35425152,0.4579,71.8774,2.1285
2017-06-23,2.6436,2.6526,2.6616,2.6257,0.0,34577945,0.447,71.8774,2.1285
2017-06-26,2.6526,2.6795,2.6884,2.6436,1.0135,32274841,0.4172,72.6059,2.1501
2017-06-27,2.6884,2.6884,2.7064,2.6795,0.3344,31430015,0.4063,72.8487,2.1573
2017-06-28,2.6884,2.6705,2.6974,2.6616,-0.6667,25208380,0.3259,72.3631,2.1429
2017-06-29,2.6616,2.6705,2.6795,2.6616,0.0,19883110,0.257,72.3631,2.1429
2017-06-30,2.6616,2.6526,2.6705,2.6436,-0.6711,18417480,0.2381,71.8774,2.1416
2017-07-03,2.6616,2.6616,2.6705,2.6436,0.3378,23193160,0.2998,72.1203,2.1488
2017-07-04,2.6616,2.6526,2.6705,2.6526,-0.3367,18461940,0.2387,71.8774,2.1416
2017-07-05,2.6526,2.6616,2.6705,2.6436,0.3378,21380282,0.2764,72.1203,2.1488
2017-07-06,2.6616,2.7153,2.7422,2.6526,2.0202,78920912,1.0202,73.5772,2.1922
2017-07-07,2.6974,2.6974,2.7064,2.6795,-0.6601,36589018,0.473,73.0916,2.1778
2017-07-10,2.6884,2.7064,2.7243,2.6795,0.3322,41489002,0.5363,73.3344,2.185
2017-07-11,2.7064,2.6795,2.7064,2.6705,-0.9934,34406110,0.4448,72.6059,2.1633
2017-07-12,2.6705,2.6436,2.6795,2.6257,-1.3378,33823244,0.4372,71.6346,2.1344
2017-07-13,2.6436,2.6974,2.7512,2.6347,2.0339,57567385,0.7442,73.0916,2.1778
2017-07-14,2.6884,2.6795,2.6974,2.6616,-0.6645,32213230,0.4164,72.6059,2.1633
2017-07-17,2.6884,2.5988,2.6884,2.563,-3.01,55149914,0.7129,70.4204,2.0982
2017-07-18,2.5988,2.6347,2.6347,2.5899,1.3793,23909138,0.3091,71.3918,2.1271
2017-07-19,2.6347,2.6705,2.6795,2.6168,1.3605,44163690,0.5709,72.3631,2.1561
2017-07-20,2.6616,2.6795,2.6884,2.6526,0.3356,42479024,0.5491,72.6059,2.1633
2017-07-21,2.6705,2.6526,2.6795,2.6526,-1.0033,27568260,0.3564,71.8774,2.1416
2017-07-24,2.6616,2.6974,2.6974,2.6526,1.6892,54989265,0.7108,73.0916,2.1778
2017-07-25,2.6884,2.7064,2.7333,2.6795,0.3322,55157874,0.713,73.3344,2.185
2017-07-26,2.7064,2.6794,2.7064,2.6704,-0.9967,32140473,0.4155,72.3631,2.1561
2017-07-27,2.6794,2.7154,2.7513,2.6614,1.3423,81975219,1.0597,73.3344,2.185
2017-07-28,2.7064,2.6884,2.7244,2.6704,-0.9934,48930821,0.6325,72.6059,2.1633
2017-07-31,2.6794,2.6884,2.6974,2.6704,0.0,38718993,0.5005,72.6059,2.1633
2017-08-01,2.6884,2.6884,2.7154,2.6794,0.0,36717460,0.4746,72.6059,2.1633
2017-08-02,2.6884,2.7244,2.8143,2.6794,1.3378,124148476,1.6049,73.5772,2.1922
2017-08-03,2.6974,2.7603,2.7603,2.6884,1.3201,94134806,1.2169,74.5485,2.2212
2017-08-04,2.7423,2.7603,2.8053,2.7333,0.0,133107428,1.7207,74.5485,2.2212
2017-08-07,2.7693,2.7963,2.8053,2.7513,1.3029,84395968,1.091,75.5199,2.2501
2017-08-08,2.7963,2.7783,2.8233,2.7603,-0.6431,79614130,1.0292,75.0342,2.2357
2017-08-09,2.7693,2.7423,2.7693,2.7154,-1.2945,61766702,0.7985,74.0629,2.2067
2017-08-10,2.7333,2.7244,2.7513,2.6974,-0.6557,49038189,0.6339,73.5772,2.1922
2017-08-11,2.6974,2.6704,2.7064,2.6614,-1.9802,54948234,0.7103,72.1203,2.1488
2017-08-14,2.6524,2.6974,2.6974,2.6524,1.0101,29188720,0.3773,72.8487,2.1705
2017-08-15,2.6884,2.6884,2.6974,2.6704,-0.3333,23723398,0.3067,72.6059,2.1633
2017-08-16,2.6884,2.6794,2.6884,2.6614,-0.3344,20581879,0.2661,72.3631,2.1561
2017-08-17,2.6704,2.6974,2.6974,2.6704,0.6711,30834125,0.3986,72.8487,2.1705
2017-08-18,2.6794,2.6974,2.7154,2.6704,0.0,40066475,0.5179,72.8487,2.1705
2017-08-21,2.6884,2.7064,2.7064,2.6794,0.3333,26405314,0.3413,73.0916,2.1778
2017-08-22,2.6974,2.6884,2.7064,2.6794,-0.6645,22752750,0.2941,72.6059,2.1633
2017-08-23,2.6884,2.6794,2.6974,2.6704,-0.3344,21228179,0.2744,72.3631,2.1561
2017-08-24,2.6794,2.6614,2.6884,2.6524,-0.6711,23384928,0.3023,71.8774,2.1416
2017-08-25,2.6524,2.6794,2.6884,2.6524,0.6757,25047218,0.3238,72.3631,2.1561
2017-08-28,2.6794,2.6974,2.7064,2.6794,0.6711,43054825,0.5566,72.8487,2.1705
2017-08-29,2.6974,2.7064,2.7064,2.6794,0.3333,39412887,0.5095,73.0916,2.1778
2017-08-30,2.6884,2.6884,2.6974,2.6794,-0.6645,26386443,0.3411,72.6059,2.1633
2017-08-31,2.6884,2.6974,2.6974,2.6794,0.3344,24943970,0.3224,72.8487,2.1705
2017-09-01,2.6884,2.7064,2.7064,2.6884,0.3333,40203337,0.5197,73.0916,2.1778
2017-09-04,2.7064,2.7064,2.7244,2.6974,0.0,38608500,0.4991,73.0916,2.1778
2017-09-05,2.7064,2.6974,2.7154,2.6884,-0.3322,27970526,0.3616,72.8487,2.1705
2017-09-06,2.6884,2.6974,2.7064,2.6794,0.0,29656339,0.3834,72.8487,2.1705
2017-09-07,2.6974,2.6794,2.6974,2.6794,-0.6667,23151116,0.2993,72.3631,2.1561
2017-09-08,2.6794,2.6884,2.6974,2.6794,0.3356,21981087,0.2841,72.6059,2.1633
2017-09-11,2.6794,2.6884,2.6884,2.6794,0.0,19101827,0.2469,72.6059,2.1633
2017-09-12,2.6884,2.6794,2.6884,2.6704,-0.3344,31795254,0.411,72.3631,2.1561
2017-09-13,2.6794,2.6794,2.6794,2.6614,0.0,24124824,0.3119,72.3631,2.1561
2017-09-14,2.6704,2.6974,2.7154,2.6614,0.6711,65670927,0.8489,72.8487,2.1705
2017-09-15,2.6794,2.6704,2.6884,2.6614,-1.0,33928879,0.4386,72.1203,2.1488
2017-09-18,2.6614,2.6704,2.6704,2.6614,0.0,23949523,0.3096,72.1203,2.1488
2017-09-19,2.6704,2.6614,2.6704,2.6614,-0.3367,21675087,0.2802,71.8774,2.1416
2017-09-20,2.6614,2.6704,2.6704,2.6524,0.3378,20977970,0.2712,72.1203,2.1488
2017-09-21,2.6614,2.6524,2.6614,2.6434,-0.6734,22173130,0.2866,71.6346,2.1344
2017-09-22,2.6434,2.6344,2.6524,2.6254,-0.678,25162028,0.3253,71.1489,2.1199
2017-09-25,2.6344,2.6075,2.6344,2.5985,-1.0239,24126400,0.3119,70.4204,2.0982
2017-09-26,2.6075,2.6165,2.6165,2.5985,0.3448,17210260,0.2225,70.6633,2.1054
2017-09-27,2.6075,2.6165,2.6165,2.5985,0.0,16363072,0.2115,70.6633,2.1054
2017-09-28,2.6165,2.6165,2.6434,2.6075,0.0,21723204,0.2808,70.6633,2.1054
2017-09-29,2.6165,2.6254,2.6254,2.6075,0.3436,14828157,0.1917,70.9061,2.1127
2017-10-09,2.6344,2.6434,2.6524,2.6344,0.6849,16755891,0.2166,71.3918,2.1109
2017-10-10,2.6344,2.6524,2.6524,2.6254,0.3401,21834701,0.2823,71.6346,2.1181
2017-10-11,2.6524,2.6524,2.6704,2.6344,0.0,28809860,0.3724,71.6346,2.1181
2017-10-12,2.6434,2.6434,2.6524,2.6254,-0.339,18095172,0.2339,71.3918,2.1109
2017-10-13,2.6344,2.6434,2.6434,2.6254,0.0,13104107,0.1694,71.3918,2.1109
2017-10-16,2.6344,2.6165,2.6434,2.6165,-1.0204,20357898,0.2632,70.6633,2.0894
2017-10-17,2.6165,2.6165,2.6254,2.6075,0.0,11769285,0.1521,70.6633,2.0894
2017-10-18,2.6165,2.6344,2.6524,2.6075,0.6873,34996199,0.4524,71.1489,2.1037
2017-10-19,2.6254,2.6075,2.6344,2.6075,-1.0239,24011360,0.3104,70.4204,2.0822
2017-10-20,2.6254,2.7244,2.7693,2.6254,4.4828,134221666,1.7351,73.5772,2.1755
2017-10-23,2.7064,2.6524,2.7064,2.6434,-2.6403,94299944,1.219,71.6346,2.1181
2017-10-24,2.6434,2.6524,2.6614,2.6254,0.0,38598795,0.499,71.6346,2.1181
2017-10-25,2.6434,2.6344,2.6524,2.6344,-0.678,25029704,0.3236,71.1489,2.1037
2017-10-26,2.6344,2.6434,2.6614,2.6254,0.3413,36613540,0.4733,71.3918,2.1109
2017-10-27,2.6434,2.6434,2.6614,2.6344,0.0,24685787,0.3191,71.3918,2.1109
2017-10-30,2.6344,2.6165,2.6434,2.5985,-1.0204,40539385,0.524,70.6633,2.0894
2017-10-31,2.6075,2.6704,2.7244,2.5985,2.0619,58527065,0.7566,72.1203,2.1325
2017-11-01,2.6434,2.6344,2.6434,2.6254,-1.3468,35421562,0.4579,71.1489,2.1037
2017-11-02,2.6344,2.6344,2.6614,2.6254,0.0,25931570,0.3352,71.1489,2.1037
2017-11-03,2.6344,2.6254,2.6344,2.6075,-0.3413,20520103,0.2653,70.9061,2.0966
2017-11-06,2.6254,2.6254,2.6344,2.6075,0.0,14302951,0.1849,70.9061,2.0966
2017-11-07,2.6254,2.6434,2.6524,2.6165,0.6849,29223391,0.3778,71.3918,2.1109
2017-11-08,2.6434,2.6344,2.6434,2.6254,-0.3401,20974270,0.2711,71.1489,2.1037
2017-11-09,2.6254,2.6614,2.6794,2.6254,1.0239,48895540,0.6321,71.8774,2.1253
2017-11-10,2.6434,2.6344,2.6434,2.6165,-1.0135,35713872,0.4617,71.1489,2.1037
2017-11-13,2.6344,2.6344,2.6524,2.6254,0.0,20686960,0.2674,71.1489,2.1037
2017-11-14,2.6254,2.6524,2.6524,2.6165,0.6826,30911851,0.3996,71.6346,2.1181
2017-11-15,2.6344,2.6254,2.6344,2.6165,-1.0169,21704212,0.2806,70.9061,2.0966
2017-11-16,2.6254,2.6254,2.6434,2.6165,0.0,20790783,0.2688,70.9061,2.0966
2017-11-17,2.6165,2.5895,2.6254,2.5805,-1.3699,36929760,0.4774,69.9348,2.0678
2017-11-20,2.5985,2.5985,2.6075,2.5625,0.3472,22379081,0.2893,70.1776,2.075
2017-11-21,2.5985,2.5895,2.6075,2.5895,-0.346,13063590,0.1689,69.9348,2.0678
2017-11-22,2.5895,2.5985,2.5985,2.5805,0.3472,14330617,0.1853,70.1776,2.075
2017-11-23,2.5985,2.5715,2.5985,2.5625,-1.0381,18230022,0.2357,69.4491,2.0535
2017-11-24,2.5805,2.5985,2.5985,2.5805,1.049,15251793,0.1972,70.1776,2.075
2017-11-27,2.5895,2.5895,2.5985,2.5805,-0.346,15450367,0.1997,69.9348,2.0678
2017-11-28,2.5985,2.5985,2.6075,2.5805,0.3472,15230906,0.1969,70.1776,2.075
2017-11-29,2.5985,2.6075,2.6075,2.5805,0.346,17128916,0.2214,70.4204,2.0822
2017-11-30,2.6075,2.5985,2.6075,2.5895,-0.3448,12801295,0.1655,70.1776,2.075
2017-12-01,2.5985,2.5985,2.5985,2.5805,0.0,10509180,0.1359,70.1776,2.075
2017-12-04,2.5985,2.5985,2.6075,2.5895,0.0,16426009,0.2123,70.1776,2.075
2017-12-05,2.5895,2.5715,2.5985,2.5625,-1.0381,17411981,0.2251,69.4491,2.0535
2017-12-06,2.5715,2.5535,2.5715,2.5086,-0.6993,28615963,0.3699,68.9635,2.0391
2017-12-07,2.5445,2.5445,2.5535,2.5265,-0.3521,14420004,0.1864,68.7206,2.0319
2017-12-08,2.5445,2.5625,2.5625,2.5355,0.7067,10543420,0.1363,69.2063,2.0463
2017-12-11,2.5625,2.5715,2.5715,2.5535,0.3509,11019880,0.1425,69.4491,2.0535
2017-12-12,2.5625,2.5445,2.5715,2.5355,-1.049,12568090,0.1625,68.7206,2.0319
2017-12-13,2.5445,2.5535,2.5625,2.5445,0.3534,10870530,0.1405,68.9635,2.0391
2017-12-14,2.5535,2.5625,2.5715,2.5445,0.3521,18190632,0.2351,69.2063,2.0463
2017-12-15,2.5715,2.5445,2.5715,2.5355,-0.7018,18369590,0.2375,68.7206,2.0319
2017-12-18,2.5445,2.5355,2.5445,2.5355,-0.3534,9804147,0.1267,68.4778,2.0248
2017-12-19,2.5355,2.5355,2.5445,2.5265,0.0,10097747,0.1305,68.4778,2.0248
2017-12-20,2.5265,2.5176,2.5355,2.5086,-0.7092,14907614,0.1927,67.9922,2.0104
2017-12-21,2.5265,2.5176,2.5355,2.5086,0.0,14156140,0.183,67.9922,2.0104
2017-12-22,2.5086,2.5086,2.5176,2.4996,-0.3571,10681707,0.1381,67.7493,2.0032
2017-12-25,2.5176,2.5086,2.5265,2.4996,0.0,11141518,0.144,67.7493,2.0032
2017-12-26,2.5086,2.5176,2.5265,2.4996,0.3584,11050332,0.1428,67.9922,2.0104
2017-12-27,2.5176,2.5086,2.5176,2.4996,-0.3571,11098003,0.1435,67.7493,2.0032
2017-12-28,2.4996,2.5176,2.5176,2.4996,0.3584,8974488,0.116,67.9922,2.0104
2017-12-29,2.5176,2.5086,2.5176,2.4996,-0.3571,8831692,0.1142,67.7493,2.0032
2018-01-02,2.5086,2.5265,2.5265,2.5086,0.7168,11769911,0.1521,72.3544,2.0063
2018-01-03,2.5265,2.5355,2.5445,2.5176,0.3559,24667261,0.3189,72.6119,2.0134
2018-01-04,2.5355,2.5355,2.5355,2.5176,0.0,12909802,0.1669,72.6119,2.0134
2018-01-05,2.5265,2.5265,2.5355,2.5176,-0.3546,15429962,0.1995,72.3544,2.0063
2018-01-08,2.5265,2.5355,2.5355,2.5176,0.3559,18590775,0.2403,72.6119,2.0134
2018-01-09,2.5265,2.5176,2.5265,2.5086,-0.7092,13387270,0.1731,72.0969,1.9992
2018-01-10,2.5086,2.5176,2.5265,2.5086,0.0,18660890,0.2412,72.0969,1.9992
2018-01-11,2.5265,2.5265,2.5265,2.5086,0.3571,16326470,0.2111,72.3544,2.0063
2018-01-12,2.5176,2.5176,2.5265,2.5086,-0.3559,10840530,0.1401,72.0969,1.9992
2018-01-15,2.5176,2.4996,2.5265,2.4906,-0.7143,19525300,0.2524,71.582,1.9849
2018-01-16,2.4996,2.4996,2.5086,2.4906,0.0,13618117,0.176,71.582,1.9849
2018-01-17,2.5086,2.5355,2.5625,2.5086,1.4388,44350768,0.5733,72.6119,2.0134
2018-01-18,2.5176,2.5176,2.5265,2.4996,-0.7092,27679445,0.3578,72.0969,1.9992
2018-01-19,2.5086,2.5086,2.5176,2.4996,-0.3571,14854530,0.192,71.8394,1.992
2018-01-22,2.5086,2.5265,2.5265,2.4996,0.7168,18667146,0.2413,72.3544,2.0063
2018-01-23,2.5265,2.5176,2.5265,2.5086,-0.3559,14500002,0.1874,72.0969,1.9992
2018-01-24,2.5176,2.5265,2.5265,2.5086,0.3571,16611050,0.2147,72.3544,2.0063
2018-01-25,2.5265,2.5265,2.5715,2.5086,0.0,43517019,0.5625,72.3544,2.0063
2018-01-26,2.5265,2.5355,2.5535,2.5176,0.3559,22284342,0.2881,72.6119,2.0134
2018-01-29,2.5355,2.5265,2.5445,2.5176,-0.3546,18813608,0.2432,72.3544,2.0063
2018-01-30,2.5176,2.5176,2.5265,2.5086,-0.3559,13554002,0.1752,72.0969,1.9992
2018-01-31,2.5086,2.4906,2.5176,2.4906,-1.0714,21002011,0.2715,71.3245,1.9777
2018-02-01,2.4996,2.4097,2.5086,2.4007,-3.2491,32299930,0.4175,69.0071,1.9135
2018-02-02,2.4007,2.3647,2.4097,2.3197,-1.8657,26280948,0.3397,67.7196,1.8778
2018-02-05,2.3467,2.3557,2.3647,2.3197,-0.3802,16506985,0.2134,67.4621,1.8706
2018-02-06,2.3377,2.2119,2.3377,2.2029,-6.1069,35413560,0.4578,63.3423,1.7564
2018-02-07,2.2298,2.2478,2.2748,2.2029,1.626,26495367,0.3425,64.3723,1.785
2018-02-08,2.2478,2.2748,2.3018,2.2208,1.2,23951970,0.3096,65.1447,1.8064
2018-02-09,2.2388,2.2119,2.2478,2.1849,-2.7668,24927706,0.3222,63.3423,1.7564
2018-02-12,2.2119,2.2478,2.2568,2.2029,1.626,12816756,0.1657,64.3723,1.785
2018-02-13,2.2568,2.2478,2.2658,2.2478,0.0,10179739,0.1316,64.3723,1.785
2018-02-14,2.2568,2.2568,2.2568,2.2388,0.4,6934752,0.0896,64.6298,1.7921
2018-02-22,2.2568,2.2748,2.2838,2.2478,0.7968,11702385,0.1513,65.1447,1.8064
2018-02-23,2.2748,2.3018,2.3197,2.2658,1.1858,22041738,0.2849,65.9172,1.8278
2018-02-26,2.3108,2.3287,2.3287,2.3018,1.1719,21046637,0.2721,66.6897,1.8492
2018-02-27,2.3287,2.3108,2.3287,2.3018,-0.7722,9831040,0.1271,66.1747,1.8349
2018-02-28,2.3018,2.3018,2.3108,2.2838,-0.3891,10591329,0.1369,65.9172,1.8278
2018-03-01,2.2928,2.3018,2.3108,2.2838,0.0,10773863,0.1393,65.9172,1.8278
2018-03-02,2.3018,2.3108,2.3108,2.2838,0.3906,9204352,0.119,66.1747,1.8349
2018-03-05,2.3018,2.3018,2.3108,2.2928,-0.3891,10026590,0.1296,65.9172,1.8278
2018-03-06,2.3108,2.3108,2.3197,2.3018,0.3906,10395464,0.1344,66.1747,1.8349
2018-03-07,2.3197,2.3287,2.3467,2.3108,0.7782,18166602,0.2348,66.6897,1.8492
2018-03-08,2.3197,2.3287,2.3287,2.3108,0.0,8267200,0.1069,66.6897,1.8492
2018-03-09,2.3377,2.3557,2.3827,2.3287,1.1583,27625565,0.3571,67.4621,1.8706
2018-03-12,2.3557,2.3557,2.3647,2.3467,0.0,15843100,0.2048,67.4621,1.8706
2018-03-13,2.3557,2.3737,2.4097,2.3377,0.7634,33834318,0.4374,67.9771,1.8849
2018-03-14,2.3557,2.3377,2.3647,2.3377,-1.5152,15749278,0.2036,66.9472,1.8564
2018-03-15,2.3377,2.3647,2.4097,2.3108,1.1539,24340287,0.3146,67.7196,1.8778
2018-03-16,2.3467,2.3287,2.3557,2.3197,-1.5209,16916120,0.2187,66.6897,1.8492
2018-03-19,2.3197,2.3467,2.3557,2.3197,0.7722,10679790,0.1381,67.2046,1.8635
2018-03-20,2.3287,2.3377,2.3467,2.3287,-0.3831,9459933,0.1223,66.9472,1.8564
2018-03-21,2.3557,2.3287,2.3647,2.3287,-0.3846,14180730,0.1833,66.6897,1.8492
2018-03-22,2.3287,2.3108,2.3377,2.3018,-0.7722,10854167,0.1403,66.1747,1.8349
2018-03-23,2.2748,2.2298,2.2748,2.2029,-3.5019,31550474,0.4078,63.8573,1.7707
2018-03-26,2.2119,2.2478,2.2478,2.1669,0.8065,15538774,0.2009,64.3723,1.785
2018-03-27,2.2478,2.3287,2.3827,2.2478,3.6,38216627,0.494,66.6897,1.8492
2018-03-28,2.3018,2.2748,2.3108,2.2568,-2.3166,30185817,0.3902,65.1447,1.8064
2018-03-29,2.2928,2.2838,2.2928,2.2478,0.3953,14069900,0.1819,65.4022,1.8135
2018-03-30,2.2838,2.2748,2.2928,2.2658,-0.3937,11229540,0.1452,65.1447,1.8064
2018-04-02,2.2658,2.2568,2.2748,2.2478,-0.7905,13084960,0.1691,64.6298,1.8023
2018-04-03,2.2388,2.2478,2.2478,2.2208,-0.3984,12494218,0.1615,64.3723,1.7951
2018-04-04,2.2298,2.2298,2.2478,2.2298,-0.8,8318330,0.1075,63.8573,1.7807
2018-04-09,2.2208,2.2478,2.2568,2.2029,0.8065,17804810,0.2302,64.3723,1.7951
2018-04-10,2.2388,2.2388,2.2388,2.2119,-0.4,14234600,0.184,64.1148,1.7879
2018-04-11,2.2388,2.2478,2.2478,2.2298,0.4016,10603117,0.1371,64.3723,1.7951
2018-04-12,2.2388,2.2298,2.2478,2.2298,-0.8,9180750,0.1187,63.8573,1.7807
2018-04-13,2.2298,2.2119,2.2478,2.2119,-0.8065,13982320,0.1807,63.3423,1.7664
2018-04-16,2.2298,2.2298,2.2478,2.2119,0.813,15936967,0.206,63.8573,1.7807
2018-04-17,2.2208,2.2119,2.2388,2.2029,-0.8065,14408547,0.1863,63.3423,1.7664
2018-04-18,2.2119,2.2208,2.2298,2.1939,0.4065,13715963,0.1773,63.5998,1.7735
2018-04-19,2.2208,2.2568,2.2568,2.2119,1.6194,23372393,0.3021,64.6298,1.8023
2018-04-20,2.2478,2.2119,2.2478,2.2029,-1.992,16133936,0.2086,63.3423,1.7664
2018-04-23,2.2928,2.2388,2.3377,2.2388,1.2195,38996463,0.5041,64.1148,1.7879
2018-04-24,2.2298,2.2478,2.2658,2.2119,0.4016,27160948,0.3511,64.3723,1.7951
2018-04-25,2.2298,2.2388,2.2478,2.2298,-0.4,12545347,0.1622,64.1148,1.7879
2018-04-26,2.2298,2.1939,2.2298,2.1849,-2.008,20838310,0.2694,62.8273,1.752
2018-04-27,2.1849,2.2208,2.2208,2.1849,1.2295,14031531,0.1814,63.5998,1.7735
2018-05-02,2.2208,2.1939,2.2208,2.1849,-1.2146,13727040,0.1774,62.8273,1.752
2018-05-03,2.1849,2.2208,2.2208,2.1759,1.2295,15281713,0.1975,63.5998,1.7735
2018-05-04,2.2029,2.2029,2.2119,2.1849,-0.8097,13122644,0.1696,63.0848,1.7592
2018-05-07,2.2029,2.2388,2.2568,2.1939,1.6327,26692058,0.345,64.1148,1.7879
2018-05-08,2.2298,2.2838,2.2928,2.2119,2.008,45538848,0.5887,65.4022,1.8238
2018-05-09,2.2658,2.2478,2.3018,2.2298,-1.5748,52441965,0.6779,64.3723,1.7951
2018-05-10,2.2478,2.2298,2.2478,2.2119,-0.8,26825846,0.3468,63.8573,1.7807
2018-05-11,2.2298,2.2208,2.2388,2.2029,-0.4032,18599563,0.2404,63.5998,1.7735
2018-05-14,2.2119,2.2119,2.2208,2.2029,-0.4049,11172160,0.1444,63.3423,1.7664
2018-05-15,2.2029,2.2119,2.2208,2.2029,0.0,8362618,0.1081,63.3423,1.7664
2018-05-16,2.2029,2.2029,2.2119,2.1939,-0.4065,10662088,0.1378,63.0848,1.7592
2018-05-17,2.2029,2.1849,2.2029,2.1759,-0.8163,10885790,0.1407,62.5698,1.7448
2018-05-18,2.1849,2.2029,2.2029,2.1759,0.823,8222180,0.1063,63.0848,1.7592
2018-05-21,2.2029,2.2119,2.2208,2.2029,0.4082,13609460,0.1759,63.3423,1.7664
2018-05-22,2.2119,2.2029,2.2119,2.1939,-0.4065,9623290,0.1244,63.0848,1.7592
2018-05-23,2.2029,2.1939,2.2029,2.1849,-0.4082,12969650,0.1677,62.8273,1.752
2018-05-24,2.1939,2.1939,2.2029,2.1849,0.0,8091750,0.1046,62.8273,1.752
2018-05-25,2.1849,2.1669,2.1849,2.1579,-1.2295,13830862,0.1788,62.0549,1.7305
2018-05-28,2.1669,2.1219,2.1669,2.1129,-2.0747,18291780,0.2365,60.7674,1.6946
2018-05-29,2.1219,2.1309,2.1399,2.1129,0.4237,10091176,0.1304,61.0249,1.7017
2018-05-30,2.1129,2.041,2.1129,2.041,-4.2194,18433972,0.2383,58.45,1.6299
2018-05-31,2.05,2.041,2.059,2.023,0.0,14642023,0.1893,58.45,1.6299
2018-06-01,2.023,1.9961,2.023,1.9781,-2.2026,15499140,0.2004,57.1626,1.594
2018-06-04,1.9961,2.0051,2.014,1.9871,0.4505,8241155,0.1065,57.4201,1.6012
2018-06-05,2.0051,2.0051,2.014,1.9871,0.0,10193495,0.1318,57.4201,1.6012
2018-06-06,2.0051,2.0051,2.0051,1.9961,0.0,8261290,0.1068,57.4201,1.6012
2018-06-07,2.014,2.0051,2.014,1.9961,0.0,9523960,0.1231,57.4201,1.6012
2018-06-08,2.0051,1.9691,2.0051,1.9601,-1.7937,16891700,0.2184,56.3901,1.5725
2018-06-11,1.9601,1.9421,1.9601,1.9331,-1.3699,12506512,0.1617,55.6176,1.551
2018-06-12,1.9421,1.9691,1.9691,1.9331,1.3889,9206387,0.119,56.3901,1.5725
2018-06-13,1.9601,1.9151,1.9691,1.9151,-2.7397,14196840,0.1835,54.8452,1.5294
2018-06-14,1.9061,1.8792,1.9061,1.8702,-1.8779,13276020,0.1716,53.8152,1.5007
2018-06-15,1.8792,1.8342,1.8882,1.8162,-2.3923,15732050,0.2034,52.5278,1.4648
2018-06-19,1.7983,1.6814,1.7983,1.6544,-8.3333,38046970,0.4918,48.1505,1.3427
2018-06-20,1.6724,1.7083,1.7263,1.6634,1.6043,18468763,0.2387,48.9229,1.3643
2018-06-21,1.7173,1.6993,1.7443,1.6993,-0.5263,15777150,0.2039,48.6654,1.3571
2018-06-22,1.6904,1.7353,1.7353,1.6814,2.1164,11905856,0.1539,49.6954,1.3858
2018-06-25,1.7353,1.7263,1.7533,1.7263,-0.5181,8342689,0.1078,49.4379,1.3786
2018-06-26,1.7173,1.7173,1.7353,1.7083,-0.5208,8019790,0.1037,49.1804,1.3714
2018-06-27,1.7263,1.7263,1.7443,1.7173,0.5236,10295767,0.1331,49.4379,1.3786
2018-06-28,1.7263,1.7263,1.7533,1.7263,0.0,12518590,0.1618,49.4379,1.3786
2018-06-29,1.7263,1.7443,1.7533,1.7263,1.0417,9764632,0.1262,49.9529,1.393
2018-07-02,1.7443,1.7353,1.7623,1.7353,-0.5155,11309200,0.1462,49.6954,1.3869
2018-07-03,1.7263,1.7533,1.7533,1.7263,1.0363,8411610,0.1087,50.2104,1.4013
2018-07-04,1.7443,1.7443,1.7533,1.7353,-0.5128,9925012,0.1283,49.9529,1.3941
2018-07-05,1.7443,1.7173,1.7443,1.7173,-1.5464,8337400,0.1078,49.1804,1.3726
2018-07-06,1.7173,1.7263,1.7353,1.6814,0.5236,13047320,0.1687,49.4379,1.3798
2018-07-09,1.7173,1.7353,1.7443,1.7173,0.5208,6760039,0.0874,49.6954,1.3869
2018-07-10,1.7443,1.7443,1.7443,1.7263,0.5181,6424220,0.083,49.9529,1.3941
2018-07-11,1.7263,1.7173,1.7353,1.6993,-1.5464,10231799,0.1323,49.1804,1.3726
2018-07-12,1.7083,1.7353,1.7443,1.7083,1.0471,12055505,0.1558,49.6954,1.3869
2018-07-13,1.7353,1.7443,1.7443,1.7263,0.5181,7174522,0.0927,49.9529,1.3941
2018-07-16,1.7443,1.7353,1.7443,1.7173,-0.5155,6229070,0.0805,49.6954,1.3869
2018-07-17,1.7353,1.7263,1.7353,1.7173,-0.5181,5543202,0.0717,49.4379,1.3798
2018-07-18,1.7263,1.7263,1.7353,1.7173,0.0,6331316,0.0818,49.4379,1.3798
2018-07-19,1.7263,1.7173,1.7353,1.7173,-0.5208,5662116,0.0732,49.1804,1.3726
2018-07-20,1.7173,1.7353,1.7353,1.7173,1.0471,5838266,0.0755,49.6954,1.3869
2018-07-23,1.7263,1.7713,1.7803,1.7263,2.0725,18608336,0.2405,50.7253,1.4157
2018-07-24,1.7623,1.8072,1.8072,1.7533,2.0305,21623630,0.2795,51.7553,1.4444
2018-07-25,1.8163,1.8072,1.8163,1.7891,0.0,12006235,0.1552,51.2403,1.4301
2018-07-26,1.8072,1.8436,1.8617,1.7982,2.01,29095830,0.3761,52.2703,1.4588
2018-07-27,1.8345,1.8436,1.8527,1.8163,0.0,14564832,0.1883,52.2703,1.4588
2018-07-30,1.8345,1.7982,1.8345,1.7891,-2.4631,15006867,0.194,50.9828,1.4229
2018-07-31,1.7982,1.8072,1.8163,1.7891,0.5051,7373622,0.0953,51.2403,1.4301
2018-08-01,1.8072,1.7982,1.8345,1.7982,-0.5025,11686695,0.1511,50.9828,1.4229
2018-08-02,1.7982,1.7618,1.8072,1.7346,-2.0202,14048710,0.1816,49.9529,1.3941
2018-08-03,1.7528,1.7618,1.78,1.7437,0.0,9174780,0.1186,49.9529,1.3941
2018-08-06,1.7528,1.7618,1.78,1.7528,0.0,10933003,0.1413,49.9529,1.3941
2018-08-07,1.7618,1.8345,1.889,1.7528,4.1237,28275595,0.3655,52.0128,1.4516
2018-08-08,1.8163,1.8072,1.8254,1.7891,-1.4851,14117812,0.1825,51.2403,1.4301
2018-08-09,1.8072,1.8163,1.8345,1.7891,0.5025,12884505,0.1666,51.4978,1.4372
2018-08-10,1.8072,1.8163,1.8254,1.8072,0.0,7592893,0.0982,51.4978,1.4372
2018-08-13,1.8072,1.8163,1.8163,1.7891,0.0,6678729,0.0863,51.4978,1.4372
2018-08-14,1.8072,1.8072,1.8163,1.7982,-0.5,4471310,0.0578,51.2403,1.4301
2018-08-15,1.8072,1.78,1.8072,1.78,-1.5075,7200930,0.0931,50.4679,1.4085
2018-08-16,1.78,1.7709,1.78,1.7346,-0.5102,8894372,0.115,50.2104,1.4013
2018-08-17,1.7709,1.7528,1.7891,1.7437,-1.0256,5587080,0.0722,49.6954,1.3869
2018-08-20,1.7528,1.7709,1.78,1.7528,1.0363,6513150,0.0842,50.2104,1.4013
2018-08-21,1.7709,1.78,1.7891,1.7618,0.5128,5357872,0.0693,50.4679,1.4085
2018-08-22,1.78,1.78,1.78,1.7709,0.0,3819635,0.0494,50.4679,1.4085
2018-08-23,1.7709,1.7709,1.78,1.7618,-0.5102,5162654,0.0667,50.2104,1.4013
2018-08-24,1.7709,1.7709,1.78,1.7618,0.0,4329804,0.056,50.2104,1.4013
2018-08-27,1.7709,1.7891,1.7982,1.7709,1.0256,7803716,0.1009,50.7253,1.4157
2018-08-28,1.7891,1.7891,1.7982,1.78,0.0,6735640,0.0871,50.7253,1.4157
2018-08-29,1.7891,1.78,1.7982,1.7709,-0.5076,6643013,0.0859,50.4679,1.4085
2018-08-30,1.78,1.7618,1.7891,1.7618,-1.0204,5800269,0.075,49.9529,1.3941
2018-08-31,1.7528,1.7528,1.7709,1.7528,-0.5155,4515611,0.0584,49.6954,1.3869
2018-09-03,1.7528,1.7618,1.7709,1.7437,0.5181,7988383,0.1033,49.9529,1.3941
2018-09-04,1.7618,1.7891,1.7891,1.7618,1.5464,11414470,0.1476,50.7253,1.4157
2018-09-05,1.78,1.7709,1.7891,1.7618,-1.0152,6299260,0.0814,50.2104,1.4013
2018-09-06,1.7709,1.7618,1.78,1.7528,-0.5128,6878020,0.0889,49.9529,1.3941
2018-09-07,1.7618,1.78,1.78,1.7618,1.0309,10050420,0.1299,50.4679,1.4085
2018-09-10,1.78,1.7528,1.7891,1.7437,-1.5306,11325300,0.1464,49.6954,1.3869
2018-09-11,1.7437,1.7528,1.7528,1.7346,0.0,9335000,0.1207,49.6954,1.3869
2018-09-12,1.7437,1.7437,1.7528,1.7346,-0.5181,5932990,0.0767,49.4379,1.3798
2018-09-13,1.7528,1.7528,1.7528,1.7437,0.5208,5677370,0.0734,49.6954,1.3869
2018-09-14,1.7528,1.7891,1.7891,1.7437,2.0725,15594380,0.2016,50.7253,1.4157
2018-09-17,1.78,1.7437,1.78,1.7346,-2.5381,13279485,0.1717,49.4379,1.3798
2018-09-18,1.7437,1.7618,1.7709,1.7346,1.0417,9066933,0.1172,49.9529,1.3941
2018-09-19,1.7528,1.7618,1.7709,1.7528,0.0,6959313,0.09,49.9529,1.3941
2018-09-20,1.7618,1.7618,1.7709,1.7528,0.0,8715840,0.1127,49.9529,1.3941
2018-09-21,1.7618,1.78,1.7891,1.7528,1.0309,13530381,0.1749,50.4679,1.4085
2018-09-25,1.7709,1.7891,1.7982,1.7709,0.5102,13570419,0.1754,50.7253,1.4157
2018-09-26,1.7891,1.7982,1.7982,1.78,0.5076,15823215,0.2045,50.9828,1.4229
2018-09-27,1.7891,1.7709,1.7982,1.7709,-1.5152,10345320,0.1337,50.2104,1.4013
2018-09-28,1.7709,1.7982,1.7982,1.7709,1.5385,13049440,0.1687,50.9828,1.4229
2018-10-08,1.78,1.7618,1.7891,1.7618,-2.0202,11932056,0.1542,49.9529,1.3726
2018-10-09,1.7618,1.7618,1.78,1.7618,0.0,7300073,0.0944,49.9529,1.3726
2018-10-10,1.7618,1.78,1.78,1.7618,1.0309,6028433,0.0779,50.4679,1.3868
2018-10-11,1.7618,1.671,1.7618,1.6438,-6.1224,25060005,0.3239,47.378,1.3019
2018-10-12,1.6619,1.6529,1.671,1.5984,-1.087,18642159,0.241,46.863,1.2877
2018-10-15,1.6529,1.6619,1.6801,1.6438,0.5495,11710450,0.1514,47.1205,1.2948
2018-10-16,1.6619,1.6256,1.671,1.6165,-2.1858,8506452,0.11,46.0905,1.2665
2018-10-17,1.6347,1.6529,1.671,1.6347,1.676,9928922,0.1283,46.863,1.2877
2018-10-18,1.6529,1.6165,1.6529,1.6074,-2.1978,9432650,0.1219,45.8331,1.2594
2018-10-19,1.6074,1.6619,1.6619,1.5711,2.809,12138858,0.1569,47.1205,1.2948
2018-10-22,1.6619,1.7255,1.7437,1.6529,3.8251,21112359,0.2729,48.9229,1.3443
2018-10-23,1.7164,1.6983,1.7255,1.6892,-1.5789,10521629,0.136,48.1505,1.3231
2018-10-24,1.6983,1.7073,1.7164,1.6801,0.5348,7692320,0.0994,48.4079,1.3302
2018-10-25,1.6892,1.7346,1.7437,1.671,1.5957,19445417,0.2514,49.1804,1.3514
2018-10-26,1.7255,1.7164,1.7437,1.7073,-1.0471,13961712,0.1805,48.6654,1.3372
2018-10-29,1.7255,1.7164,1.7255,1.6983,0.0,9796313,0.1266,48.6654,1.3372
2018-10-30,1.7164,1.7255,1.7346,1.7073,0.5291,11930869,0.1542,48.9229,1.3443
2018-10-31,1.7255,1.7437,1.7528,1.7255,1.0526,13139160,0.1698,49.4379,1.3585
2018-11-01,1.7437,1.7437,1.7618,1.7346,0.0,12964163,0.1676,49.4379,1.3585
2018-11-02,1.7618,1.7891,1.7891,1.7528,2.6042,19715670,0.2549,50.7253,1.3938
2018-11-05,1.8345,1.8072,1.8799,1.8072,1.0152,34561471,0.4468,51.2403,1.408
2018-11-06,1.8254,1.8163,1.8345,1.7982,0.5025,15462733,0.1999,51.4978,1.4151
2018-11-07,1.8254,1.7982,1.8254,1.7982,-1.0,12696513,0.1641,50.9828,1.4009
2018-11-08,1.8163,1.7982,1.8163,1.7982,0.0,12069436,0.156,50.9828,1.4009
2018-11-09,1.7982,1.7891,1.8072,1.7891,-0.5051,8630315,0.1116,50.7253,1.3938
2018-11-12,1.7891,1.8163,1.8163,1.78,1.5228,11911401,0.154,51.4978,1.4151
2018-11-13,1.7982,1.8527,1.8617,1.7982,2.0,27647749,0.3574,52.5278,1.4434
2018-11-14,1.8436,1.8527,1.8708,1.8345,0.0,27518297,0.3557,52.5278,1.4434
2018-11-15,1.8436,1.8527,1.8708,1.8254,0.0,22124847,0.286,52.5278,1.4434
2018-11-16,1.8617,1.8617,1.8708,1.8527,0.4902,20539522,0.2655,52.7853,1.4504
2018-11-19,1.8617,1.8527,1.8708,1.8345,-0.4878,17938204,0.2319,52.5278,1.4434
2018-11-20,1.8436,1.8163,1.8527,1.8163,-1.9608,16366750,0.2116,51.4978,1.4151
2018-11-21,1.8072,1.8163,1.8254,1.7982,0.0,14406420,0.1862,51.4978,1.4151
2018-11-22,1.8163,1.8254,1.8345,1.8163,0.5,10840260,0.1401,51.7553,1.4221
2018-11-23,1.8163,1.7709,1.8254,1.7709,-2.9851,15866130,0.2051,50.2104,1.3797
2018-11-26,1.78,1.78,1.7982,1.7709,0.5128,9557627,0.1236,50.4679,1.3868
2018-11-27,1.78,1.7982,1.7982,1.78,1.0204,7382450,0.0954,50.9828,1.4009
2018-11-28,1.7982,1.7891,1.7982,1.7709,-0.5051,9873232,0.1276,50.7253,1.3938
2018-11-29,1.7982,1.7891,1.8072,1.78,0.0,8583885,0.111,50.7253,1.3938
2018-11-30,1.78,1.78,1.7891,1.7618,-0.5076,9711036,0.1255,50.4679,1.3868
2018-12-03,1.7982,1.8072,1.8163,1.7982,1.5306,14861880,0.1921,51.2403,1.408
2018-12-04,1.8072,1.8163,1.8163,1.7982,0.5025,13670466,0.1767,51.4978,1.4151
2018-12-05,1.7982,1.7982,1.8072,1.7891,-1.0,10331790,0.1336,50.9828,1.4009
2018-12-06,1.7891,1.7618,1.7982,1.7528,-2.0202,14289644,0.1847,49.9529,1.3726
2018-12-07,1.7528,1.78,1.7891,1.7528,1.0309,9161962,0.1184,50.4679,1.3868
2018-12-10,1.7618,1.7618,1.78,1.7437,-1.0204,11081912,0.1433,49.9529,1.3726
2018-12-11,1.7618,1.7437,1.7618,1.7437,-1.0309,9652845,0.1248,49.4379,1.3585
2018-12-12,1.7618,1.7528,1.7618,1.7437,0.5208,7694140,0.0995,49.6954,1.3655
2018-12-13,1.7528,1.7528,1.7709,1.7346,0.0,14097393,0.1822,49.6954,1.3655
2018-12-14,1.7528,1.7255,1.7528,1.7255,-1.5544,10287890,0.133,48.9229,1.3443
2018-12-17,1.7346,1.7164,1.7346,1.7164,-0.5263,7580514,0.098,48.6654,1.3372
2018-12-18,1.7164,1.7346,1.7346,1.7073,1.0582,10343856,0.1337,49.1804,1.3514
2018-12-19,1.7255,1.6983,1.7346,1.6983,-2.0942,12265850,0.1586,48.1505,1.3231
2018-12-20,1.6983,1.6892,1.6983,1.6801,-0.5348,7755820,0.1003,47.893,1.316
2018-12-21,1.6801,1.671,1.6892,1.6619,-1.0753,8179089,0.1057,47.378,1.3019
2018-12-24,1.6619,1.6983,1.6983,1.6619,1.6304,8965782,0.1159,48.1505,1.3231
2018-12-25,1.6983,1.6983,1.6983,1.6529,0.0,9310833,0.1204,48.1505,1.3231
2018-12-26,1.6983,1.6892,1.6983,1.6801,-0.5348,7117366,0.092,47.893,1.316
2018-12-27,1.6983,1.6801,1.7073,1.6801,-0.5376,9466886,0.1224,47.6355,1.3089
2018-12-28,1.6892,1.6801,1.6892,1.671,0.0,6548862,0.0847,47.6355,1.3089
2019-01-02,1.6892,1.671,1.6892,1.671,-0.5405,6459940,0.0835,45.3377,1.2982
2019-01-03,1.6801,1.6619,1.6801,1.6438,-0.5435,10830320,0.14,45.0913,1.2911
2019-01-04,1.6529,1.6892,1.6983,1.6438,1.6393,11355926,0.1468,45.8305,1.3123
2019-01-07,1.6983,1.7164,1.7255,1.6892,1.6129,13461770,0.174,46.5697,1.3335
2019-01-08,1.7164,1.78,1.8527,1.6983,3.7037,54602375,0.7058,48.2945,1.3828
2019-01-09,1.7709,1.7618,1.8254,1.7437,-1.0204,40472241,0.5232,47.8017,1.3687
2019-01-10,1.7891,1.8072,1.8436,1.7618,2.5773,50571975,0.6537,49.0338,1.404
2019-01-11,1.7891,1.7891,1.7982,1.7618,-1.005,32258630,0.417,48.5409,1.3899
2019-01-14,1.7891,1.7709,1.7891,1.7709,-1.0152,13016182,0.1683,48.0481,1.3758
2019-01-15,1.78,1.7709,1.78,1.7618,0.0,15030990,0.1943,48.0481,1.3758
2019-01-16,1.78,1.7709,1.7891,1.7709,0.0,10882762,0.1407,48.0481,1.3758
2019-01-17,1.7709,1.7709,1.78,1.7618,0.0,11201782,0.1448,48.0481,1.3758
2019-01-18,1.7618,1.78,1.78,1.7618,0.5128,13982860,0.1808,48.2945,1.3828
2019-01-21,1.78,1.7618,1.78,1.7618,-1.0204,13087248,0.1692,47.8017,1.3687
2019-01-22,1.7618,1.7618,1.7709,1.7528,0.0,11408382,0.1475,47.8017,1.3687
2019-01-23,1.7528,1.7618,1.7709,1.7437,0.0,12703610,0.1642,47.8017,1.3687
2019-01-24,1.7528,1.7528,1.7618,1.7346,-0.5155,14422010,0.1864,47.5553,1.3617
2019-01-25,1.7528,1.7528,1.7618,1.7437,0.0,8557463,0.1106,47.5553,1.3617
2019-01-28,1.7528,1.7528,1.7709,1.7528,0.0,11053542,0.1429,47.5553,1.3617
2019-01-29,1.7528,1.7164,1.7618,1.7164,-2.0725,12273230,0.1587,46.5697,1.3335
2019-01-30,1.7255,1.7164,1.7346,1.7164,0.0,9952853,0.1287,46.5697,1.3335
2019-01-31,1.7164,1.7073,1.7346,1.6983,-0.5291,11222198,0.1451,46.3233,1.3264
2019-02-01,1.7073,1.7164,1.7255,1.6983,0.5319,12609258,0.163,46.5697,1.3335
2019-02-11,1.7255,1.7528,1.7528,1.7164,2.1164,13557589,0.1753,47.5553,1.3617
2019-02-12,1.7437,1.7618,1.7709,1.7437,0.5181,15702884,0.203,47.8017,1.3687
2019-02-13,1.7618,1.78,1.7891,1.7528,1.0309,21636390,0.2797,48.2945,1.3828
2019-02-14,1.78,1.7891,1.8163,1.7618,0.5102,27971519,0.3616,48.5409,1.3899
2019-02-15,1.78,1.78,1.8072,1.7709,-0.5076,23319992,0.3015,48.2945,1.3828
2019-02-18,1.78,1.8072,1.8072,1.78,1.5306,26137202,0.3379,49.0338,1.404
2019-02-19,1.8163,1.8072,1.8527,1.8072,0.0,36594770,0.4731,49.0338,1.404
2019-02-20,1.8163,1.8072,1.8163,1.7982,0.0,21327442,0.2757,49.0338,1.404
2019-02-21,1.7982,1.7982,1.8163,1.7891,-0.5025,28261190,0.3653,48.7873,1.397
2019-02-22,1.8072,1.889,1.889,1.7982,5.0505,92298861,1.1931,51.2514,1.4675
2019-02-25,1.9162,2.0161,2.0252,1.8799,6.7308,92887987,1.2008,54.701,1.5663
2019-02-26,2.0252,2.1705,2.2159,1.9889,7.6577,222788171,2.88,58.8898,1.6862
2019-02-27,2.1887,2.116,2.1887,2.0797,-2.5105,151920393,1.9639,57.4114,1.6439
2019-02-28,2.0888,2.0615,2.1978,2.0252,-2.5751,106520119,1.377,55.933,1.6016
2019-03-01,2.0434,2.0434,2.0615,1.9889,-0.8811,82057338,1.0607,55.4402,1.5874
2019-03-04,2.0434,2.0615,2.1069,2.0161,0.8889,86816239,1.1223,55.933,1.6016
2019-03-05,2.0434,2.0797,2.0797,2.0434,0.8811,53405003,0.6904,56.4258,1.6157
2019-03-06,2.0706,2.1523,2.1523,2.0615,3.4934,101133465,1.3073,58.397,1.6721
2019-03-07,2.1614,2.225,2.2977,2.1251,3.3755,136969460,1.7706,60.3682,1.7286
2019-03-08,2.1978,2.0615,2.1978,2.0524,-7.3469,94497511,1.2216,55.933,1.6016
2019-03-11,2.0434,2.1887,2.225,2.0343,6.1674,106311276,1.3743,59.3826,1.7003
2019-03-12,2.2068,2.1614,2.225,2.1433,-1.2448,91135935,1.1781,58.6434,1.6792
2019-03-13,2.1614,2.0888,2.1705,2.0888,-3.3614,57193950,0.7393,56.6722,1.6227
2019-03-14,2.0797,2.0524,2.0979,2.0252,-1.7391,50093245,0.6475,55.6866,1.5945
2019-03-15,2.0524,2.0797,2.116,2.0343,1.3274,43277957,0.5594,56.4258,1.6157
2019-03-18,2.0706,2.1342,2.1433,2.0524,2.6201,47984050,0.6203,57.9042,1.658
2019-03-19,2.1342,2.1433,2.1614,2.116,0.4255,47384052,0.6125,58.1506,1.6651
2019-03-20,2.1433,2.1705,2.1705,2.116,1.2712,66241250,0.8563,58.8898,1.6862
2019-03-21,2.1705,2.1523,2.1796,2.1433,-0.8368,52558402,0.6794,58.397,1.6721
2019-03-22,2.1523,2.1978,2.2704,2.1251,2.1097,125675448,1.6246,59.629,1.7074
2019-03-25,2.1523,2.116,2.1705,2.116,-3.719,69825640,0.9026,57.4114,1.6439
2019-03-26,2.1251,2.1433,2.2613,2.0524,1.2876,112893768,1.4594,58.1506,1.6651
2019-03-27,2.1251,2.1978,2.225,2.0615,2.5424,121396347,1.5693,59.629,1.7074
2019-03-28,2.1523,2.3521,2.4157,2.1433,7.0248,293523216,3.7943,63.8178,1.8273
2019-03-29,2.225,2.2613,2.2886,2.1796,-3.861,202266078,2.6147,61.3538,1.7568
2019-04-01,2.2432,2.334,2.3521,2.225,3.2128,159554789,2.0625,63.325,1.8043
2019-04-02,2.3249,2.2886,2.3521,2.2704,-1.9455,119333570,1.5426,62.093,1.7692
2019-04-03,2.2704,2.3067,2.3158,2.2522,0.7937,93120828,1.2038,62.5858,1.7833
2019-04-04,2.3158,2.3158,2.3612,2.2704,0.3937,113016244,1.4609,62.8322,1.7903
2019-04-08,2.3067,2.2795,2.3158,2.2432,-1.5686,78987528,1.0211,61.8466,1.7622
2019-04-09,2.2613,2.2522,2.2977,2.2432,-1.1952,47888647,0.6191,61.1074,1.7411
2019-04-10,2.2341,2.2795,2.2977,2.2068,1.2097,69237710,0.895,61.8466,1.7622
2019-04-11,2.2613,2.225,2.2795,2.225,-2.3904,44060111,0.5696,60.3682,1.7201
2019-04-12,2.2341,2.2704,2.334,2.225,2.0408,73416009,0.949,61.6002,1.7552
2019-04-15,2.2886,2.2432,2.3067,2.2432,-1.2,63844860,0.8253,60.861,1.7341
2019-04-16,2.225,2.2522,2.2522,2.1978,0.4049,48301859,0.6244,61.1074,1.7411
2019-04-17,2.2522,2.2522,2.2522,2.225,0.0,41162352,0.5321,61.1074,1.7411
2019-04-18,2.2432,2.2522,2.2795,2.2159,0.0,50417016,0.6517,61.1074,1.7411
2019-04-19,2.2341,2.2432,2.2522,2.225,-0.4032,30332046,0.3921,60.861,1.7341
2019-04-22,2.2522,2.1887,2.2522,2.1796,-2.4291,46928171,0.6066,59.3826,1.692
2019-04-23,2.1887,2.1523,2.1887,2.1342,-1.6598,40705667,0.5262,58.397,1.6639
2019-04-24,2.1433,2.1433,2.1705,2.116,-0.4219,30899142,0.3994,58.1506,1.6569
2019-04-25,2.1342,2.0706,2.1796,2.0615,-3.3898,42994120,0.5558,56.1794,1.6007
2019-04-26,2.0706,2.0797,2.0979,2.0615,0.4386,26509680,0.3427,56.4258,1.6077
2019-04-29,2.0706,1.9889,2.0979,1.9525,-4.3668,37011054,0.4784,53.9618,1.5375
2019-04-30,1.9707,2.0161,2.0343,1.9707,1.3699,22711172,0.2936,54.701,1.5586
2019-05-06,1.9889,1.8708,1.998,1.8254,-7.2072,46305906,0.5986,50.7586,1.4463
2019-05-07,1.8708,1.8981,1.9071,1.8708,1.4563,27932341,0.3611,51.4978,1.4673
2019-05-08,1.8708,1.8799,1.9071,1.8345,-0.9569,19779445,0.2557,51.005,1.4533
2019-05-09,1.8799,1.8708,1.889,1.8617,-0.4831,15577506,0.2014,50.7586,1.4463
2019-05-10,1.8708,1.9162,1.9162,1.8708,2.4272,28127386,0.3636,51.9906,1.4814
2019-05-13,1.9071,1.8981,1.9162,1.889,-0.9479,18532824,0.2396,51.4978,1.4673
2019-05-14,1.8799,1.8617,1.8981,1.8617,-1.9139,19626769,0.2537,50.5122,1.4393
2019-05-15,1.8708,1.9253,1.9707,1.8617,3.4146,41649911,0.5384,52.237,1.4884
2019-05-16,1.9071,1.9162,1.9435,1.889,-0.4717,30842812,0.3987,51.9906,1.4814
2019-05-17,1.9162,1.9798,2.1069,1.8981,3.3175,112333332,1.4521,53.7154,1.5305
2019-05-20,1.9344,1.889,1.9435,1.8072,-4.5872,62776699,0.8115,51.2514,1.4603
2019-05-21,1.889,1.9435,1.9889,1.8708,2.8846,47366266,0.6123,52.7298,1.5024
2019-05-22,1.9253,1.9071,1.9253,1.889,-1.8692,24892228,0.3218,51.7442,1.4744
2019-05-23,1.8981,1.8708,1.8981,1.8617,-1.9048,21111786,0.2729,50.7586,1.4463
2019-05-24,1.8799,1.8799,1.889,1.8617,0.4854,16105120,0.2082,51.005,1.4533
2019-05-27,1.8799,1.8981,1.9071,1.8617,0.9662,20027669,0.2589,51.4978,1.4673
2019-05-28,1.8981,1.889,1.9162,1.8799,-0.4785,22300091,0.2883,51.2514,1.4603
2019-05-29,1.889,1.8799,1.8981,1.8617,-0.4808,18059509,0.2335,51.005,1.4533
2019-05-30,1.8708,1.8799,1.8799,1.8617,0.0,15494303,0.2003,51.005,1.4533
2019-05-31,1.8708,1.8799,1.8981,1.8708,0.0,15668120,0.2025,51.005,1.4533
2019-06-03,1.8981,1.8981,1.9162,1.8799,0.9662,21407270,0.2767,51.4978,1.4673
2019-06-04,1.8981,1.9071,1.9525,1.8708,0.4785,34981912,0.4522,51.7442,1.4744
2019-06-05,1.9253,1.889,1.9344,1.889,-0.9524,21274850,0.275,51.2514,1.4603
2019-06-06,1.9071,1.8617,1.9071,1.8617,-1.4423,18456994,0.2386,50.5122,1.4393
2019-06-10,1.8708,1.8708,1.8799,1.8527,0.4878,15074873,0.1949,50.7586,1.4463
2019-06-11,1.8708,1.9071,1.9162,1.8617,1.9417,24202845,0.3129,51.7442,1.4744
2019-06-12,1.9071,1.8981,1.9162,1.889,-0.4762,17048723,0.2204,51.4978,1.4673
2019-06-13,1.889,1.9071,1.9162,1.8799,0.4785,19694669,0.2546,51.7442,1.4744
2019-06-14,1.9071,1.889,1.9162,1.8799,-0.9524,14220100,0.1838,51.2514,1.4603
2019-06-17,1.8799,1.889,1.889,1.8708,0.0,10078198,0.1303,51.2514,1.4603
2019-06-18,1.9162,1.9162,1.9435,1.8981,1.4423,26994676,0.349,51.9906,1.4814
2019-06-19,1.9344,1.9707,2.007,1.9162,2.8436,73171869,0.9459,53.469,1.5235
2019-06-20,1.9435,1.9798,1.9798,1.9253,0.4608,53562202,0.6924,53.7154,1.5305
2019-06-21,1.9707,1.9707,1.998,1.9616,-0.4587,39324142,0.5083,53.469,1.5235
2019-06-24,1.9798,1.9525,1.9798,1.9344,-0.9217,25689862,0.3321,52.9762,1.5095
2019-06-25,1.9525,1.9435,1.9525,1.9071,-0.4651,26897275,0.3477,52.7298,1.5024
2019-06-26,1.9344,1.9344,1.9435,1.9162,-0.4673,12694432,0.1641,52.4834,1.4954
2019-06-27,1.9344,1.9616,1.9616,1.9253,1.4084,29169770,0.3771,53.2226,1.5165
2019-06-28,1.9525,1.9344,1.9889,1.9071,-1.3889,45523432,0.5885,52.4834,1.4954
2019-07-01,1.9707,1.9616,1.9707,1.9435,1.4084,35681210,0.4612,53.2226,1.5176
2019-07-02,1.9707,1.9616,1.998,1.9616,0.0,42745742,0.5526,53.2226,1.5176
2019-07-03,1.9525,1.9435,1.9616,1.9344,-0.9259,21493035,0.2778,52.7298,1.5035
2019-07-04,1.9435,1.9344,1.9616,1.9344,-0.4673,13574193,0.1755,52.4834,1.4965
2019-07-05,1.9435,1.9525,1.9616,1.9344,0.939,21059030,0.2722,52.9762,1.5106
2019-07-08,1.9435,1.889,1.9525,1.889,-3.2558,24737281,0.3198,51.2514,1.4614
2019-07-09,1.8981,1.8981,1.9071,1.889,0.4808,9244158,0.1195,51.4978,1.4684
2019-07-10,1.8981,1.8799,1.9071,1.8708,-0.9569,10399800,0.1344,51.005,1.4543
2019-07-11,1.8799,1.889,1.8981,1.8799,0.4831,9604484,0.1242,51.2514,1.4614
2019-07-12,1.889,1.8799,1.8981,1.8799,-0.4808,7748011,0.1002,51.005,1.4543
2019-07-15,1.889,1.8981,1.9071,1.8708,0.9662,13209330,0.1708,51.4978,1.4684
2019-07-16,1.8981,1.9253,1.9344,1.889,1.4354,25242113,0.3263,52.237,1.4895
2019-07-17,1.9162,1.9071,1.9253,1.8981,-0.9434,14208953,0.1837,51.7442,1.4754
2019-07-18,1.9071,1.889,1.9071,1.889,-0.9524,8804660,0.1138,51.2514,1.4614
2019-07-19,1.889,1.889,1.9162,1.889,0.0,10277050,0.1329,51.2514,1.4614
2019-07-22,1.8981,1.8708,1.9071,1.8617,-0.9615,15942200,0.2061,50.7586,1.4473
2019-07-23,1.8708,1.8892,1.8892,1.8708,0.9804,5881529,0.076,50.7586,1.4473
2019-07-24,1.8892,1.8983,1.9075,1.88,0.4854,9204833,0.119,51.005,1.4543
2019-07-25,1.8983,1.8892,1.8983,1.8892,-0.4831,8433049,0.109,50.7586,1.4473
2019-07-26,1.8892,1.8983,1.8983,1.88,0.4854,6729937,0.087,51.005,1.4543
2019-07-29,1.8983,1.8892,1.8983,1.88,-0.4831,6298430,0.0814,50.7586,1.4473
2019-07-30,1.8892,1.8983,1.9075,1.88,0.4854,9593166,0.124,51.005,1.4543
2019-07-31,1.8892,1.8892,1.8983,1.88,-0.4831,7606439,0.0983,50.7586,1.4473
2019-08-01,1.8892,1.8892,1.8983,1.88,0.0,8424753,0.1089,50.7586,1.4473
2019-08-02,1.88,1.8616,1.88,1.8525,-1.4563,15090500,0.1951,50.0194,1.4262
2019-08-05,1.8616,1.8341,1.8616,1.825,-1.4778,13371102,0.1728,49.2802,1.4052
2019-08-06,1.8066,1.7791,1.8066,1.7424,-3.0,25837648,0.334,47.8017,1.363
2019-08-07,1.7883,1.7699,1.7974,1.7699,-0.5155,11718620,0.1515,47.5553,1.356
2019-08-08,1.7791,1.7883,1.7883,1.7699,1.0363,8529911,0.1103,48.0481,1.37
2019-08-09,1.7791,1.7608,1.7883,1.7608,-1.5385,7711420,0.0997,47.3089,1.349
2019-08-12,1.7608,1.7791,1.7791,1.7608,1.0417,8574293,0.1108,47.8017,1.363
2019-08-13,1.7699,1.7883,1.7974,1.7608,0.5155,12585237,0.1627,48.0481,1.37
2019-08-14,1.7883,1.7883,1.8158,1.7883,0.0,10053779,0.13,48.0481,1.37
2019-08-15,1.7699,1.7883,1.7883,1.7516,0.0,8941772,0.1156,48.0481,1.37
2019-08-16,1.7791,1.7883,1.8066,1.7791,0.0,9451140,0.1222,48.0481,1.37
2019-08-19,1.7974,1.825,1.825,1.7883,2.0513,12749003,0.1648,49.0338,1.3981
2019-08-20,1.825,1.825,1.8433,1.8158,0.0,14247506,0.1842,49.0338,1.3981
2019-08-21,1.825,1.8616,1.8616,1.8158,2.01,20190111,0.261,50.0194,1.4262
2019-08-22,1.8525,1.8341,1.8525,1.825,-1.4778,12885713,0.1666,49.2802,1.4052
2019-08-23,1.8433,1.8433,1.8616,1.825,0.5,13262885,0.1714,49.5266,1.4122
2019-08-26,1.8158,1.8066,1.825,1.7974,-1.99,11723930,0.1516,48.5409,1.3841
2019-08-27,1.8158,1.8433,1.8616,1.8066,2.0305,18686435,0.2416,49.5266,1.4122
2019-08-28,1.8433,1.8341,1.8525,1.825,-0.4975,10448716,0.1351,49.2802,1.4052
2019-08-29,1.8341,1.825,1.8433,1.8158,-0.5,10333466,0.1336,49.0338,1.3981
2019-08-30,1.825,1.8158,1.8341,1.8066,-0.5025,11742280,0.1518,48.7873,1.3911
2019-09-02,1.8158,1.8341,1.8433,1.8066,1.0101,13584936,0.1756,49.2802,1.4052
2019-09-03,1.8341,1.8433,1.8525,1.825,0.5,19901531,0.2573,49.5266,1.4122
2019-09-04,1.8433,1.8525,1.8616,1.8341,0.4975,17016227,0.22,49.773,1.4192
2019-09-05,1.8525,1.8525,1.88,1.8433,0.0,21510145,0.2781,49.773,1.4192
2019-09-06,1.8616,1.9534,2.0359,1.8525,5.4456,121675996,1.5729,52.4834,1.4965
2019-09-09,1.9075,1.9258,1.935,1.8892,-1.4085,75586786,0.9771,51.7442,1.4754
2019-09-10,1.9075,1.9167,1.9258,1.8983,-0.4762,35361232,0.4571,51.4978,1.4684
2019-09-11,1.9258,1.8983,1.9258,1.88,-0.9569,27303613,0.353,51.005,1.4543
2019-09-12,1.8983,1.9075,1.9167,1.8892,0.4831,16030150,0.2072,51.2514,1.4614
2019-09-16,1.9075,1.8983,1.9167,1.8892,-0.4808,17029867,0.2201,51.005,1.4543
2019-09-17,1.8892,1.8616,1.8983,1.8525,-1.9324,23448270,0.3031,50.0194,1.4262
2019-09-18,1.8616,1.8616,1.88,1.8616,0.0,10942713,0.1415,50.0194,1.4262
2019-09-19,1.8708,1.8616,1.8708,1.8525,0.0,10345074,0.1337,50.0194,1.4262
2019-09-20,1.8616,1.8708,1.88,1.8616,0.4926,15684325,0.2027,50.2658,1.4333
2019-09-23,1.8708,1.8616,1.88,1.8433,-0.4902,12345010,0.1596,50.0194,1.4262
2019-09-24,1.8616,1.8616,1.88,1.8525,0.0,11330912,0.1465,50.0194,1.4262
2019-09-25,1.8525,1.8433,1.8616,1.8341,-0.9852,12735040,0.1646,49.5266,1.4122
2019-09-26,1.8525,1.8158,1.8616,1.8158,-1.4925,17796293,0.2301,48.7873,1.3911
2019-09-27,1.8158,1.825,1.8341,1.8158,0.5051,8929132,0.1154,49.0338,1.3981
2019-09-30,1.825,1.8525,1.8708,1.825,1.5075,15489390,0.2002,49.773,1.3998
2019-10-08,1.8525,1.8525,1.8616,1.8433,0.0,9614418,0.1243,49.773,1.3998
2019-10-09,1.8433,1.8525,1.8616,1.8341,0.0,9685343,0.1252,49.773,1.3998
2019-10-10,1.8525,1.8708,1.88,1.8525,0.9901,12321111,0.1593,50.2658,1.4137
2019-10-11,1.8708,1.8983,1.9442,1.8616,1.4706,39827010,0.5148,51.005,1.4344
2019-10-14,1.8983,1.9167,1.9442,1.8983,0.9662,44347606,0.5733,51.4978,1.4483
2019-10-15,1.9075,1.8983,1.9075,1.8892,-0.9569,22551554,0.2915,51.005,1.4344
2019-10-16,1.9075,1.8983,1.9258,1.8983,0.0,15765574,0.2038,51.005,1.4344
2019-10-17,1.9075,1.8983,1.9258,1.8983,0.0,19708754,0.2548,51.005,1.4344
2019-10-18,1.8983,1.8616,1.9075,1.8616,-1.9324,20014386,0.2587,50.0194,1.4067
2019-10-21,1.8708,1.88,1.88,1.8525,0.9852,11769641,0.1521,50.5122,1.4206
2019-10-22,1.88,1.8708,1.88,1.8616,-0.4878,10574022,0.1367,50.2658,1.4137
2019-10-23,1.8708,1.8616,1.88,1.8525,-0.4902,10735360,0.1388,50.0194,1.4067
2019-10-24,1.8525,1.8616,1.8708,1.8433,0.0,11600304,0.15,50.0194,1.4067
2019-10-25,1.8616,1.8708,1.88,1.8433,0.4926,15121600,0.1955,50.2658,1.4137
2019-10-28,1.88,1.9167,1.9258,1.8708,2.451,36382059,0.4703,51.4978,1.4483
2019-10-29,1.9167,1.8983,1.9258,1.88,-0.9569,27537272,0.356,51.005,1.4344
2019-10-30,1.8892,1.8616,1.8983,1.8616,-1.9324,21223421,0.2744,50.0194,1.4067
2019-10-31,1.8708,1.8616,1.88,1.8433,0.0,16581290,0.2143,50.0194,1.4067
2019-11-01,1.8525,1.8708,1.88,1.8525,0.4926,12992915,0.168,50.2658,1.4137
2019-11-04,1.88,1.8616,1.88,1.8616,-0.4902,13885169,0.1795,50.0194,1.4067
2019-11-05,1.8616,1.8708,1.88,1.8525,0.4926,13581500,0.1756,50.2658,1.4137
2019-11-06,1.8708,1.8616,1.8708,1.8525,-0.4902,10310492,0.1333,50.0194,1.4067
2019-11-07,1.8525,1.8708,1.8708,1.8525,0.4926,12476334,0.1613,50.2658,1.4137
2019-11-08,1.8708,1.8616,1.88,1.8616,-0.4902,12423170,0.1606,50.0194,1.4067
2019-11-11,1.8616,1.825,1.8616,1.825,-1.9704,17924877,0.2317,49.0338,1.379
2019-11-12,1.825,1.8341,1.8341,1.8158,0.5025,9764115,0.1262,49.2802,1.3859
2019-11-13,1.8341,1.8341,1.8433,1.825,0.0,7866740,0.1017,49.2802,1.3859
2019-11-14,1.8341,1.825,1.8341,1.825,-0.5,8122657,0.105,49.0338,1.379
2019-11-15,1.8341,1.825,1.8525,1.8158,0.0,12753530,0.1649,49.0338,1.379
2019-11-18,1.8341,1.8433,1.8525,1.825,1.005,11864871,0.1534,49.5266,1.3929
2019-11-19,1.8525,1.8616,1.8616,1.8433,0.995,8777202,0.1135,50.0194,1.4067
2019-11-20,1.8525,1.8525,1.8616,1.8341,-0.4926,11904331,0.1539,49.773,1.3998
2019-11-21,1.8433,1.8525,1.8525,1.8341,0.0,9452990,0.1222,49.773,1.3998
2019-11-22,1.8525,1.8525,1.8708,1.8433,0.0,14088652,0.1821,49.773,1.3998
2019-11-25,1.8525,1.8708,1.88,1.8433,0.9901,19922244,0.2575,50.2658,1.4137
2019-11-26,1.8708,1.825,1.8892,1.825,-2.451,42271750,0.5464,49.0338,1.379
2019-11-27,1.8341,1.8341,1.8616,1.8341,0.5025,18136357,0.2344,49.2802,1.3859
2019-11-28,1.8433,1.825,1.8525,1.825,-0.5,13159574,0.1701,49.0338,1.379
2019-11-29,1.8341,1.8341,1.8341,1.8158,0.5025,13681470,0.1769,49.2802,1.3859
2019-12-02,1.8341,1.8341,1.8433,1.825,0.0,7899253,0.1021,49.2802,1.3859
2019-12-03,1.8433,1.8525,1.8525,1.825,1.0,10664770,0.1379,49.773,1.3998
2019-12-04,1.8433,1.8341,1.8525,1.8341,-0.9901,8742116,0.113,49.2802,1.3859
2019-12-05,1.8341,1.8341,1.8433,1.8341,0.0,9744633,0.126,49.2802,1.3859
2019-12-06,1.8433,1.8433,1.8433,1.825,0.5,9144169,0.1182,49.5266,1.3929
2019-12-09,1.8433,1.8341,1.8433,1.8341,-0.4975,10118290,0.1308,49.2802,1.3859
2019-12-10,1.8341,1.8341,1.8433,1.825,0.0,10564460,0.1366,49.2802,1.3859
2019-12-11,1.8341,1.825,1.8433,1.825,-0.5,8521102,0.1102,49.0338,1.379
2019-12-12,1.825,1.825,1.8341,1.825,0.0,11644270,0.1505,49.0338,1.379
2019-12-13,1.825,1.8433,1.8433,1.825,1.005,15985980,0.2066,49.5266,1.3929
2019-12-16,1.8433,1.8525,1.8525,1.8341,0.4975,19590525,0.2532,49.773,1.3998
2019-12-17,1.8525,1.88,1.88,1.8433,1.4851,35317602,0.4565,50.5122,1.4206
2019-12-18,1.8708,1.8616,1.8708,1.8525,-0.9756,21949656,0.2837,50.0194,1.4067
2019-12-19,1.8616,1.88,1.88,1.8525,0.9852,21574444,0.2789,50.5122,1.4206
2019-12-20,1.88,1.8708,1.88,1.8525,-0.4878,22063882,0.2852,50.2658,1.4137
2019-12-23,1.8616,1.8525,1.8708,1.8341,-0.9804,21473708,0.2776,49.773,1.3998
2019-12-24,1.8525,1.8616,1.8616,1.8433,0.495,14819201,0.1916,50.0194,1.4067
2019-12-25,1.8525,1.8341,1.8616,1.8341,-1.4778,19530890,0.2525,49.2802,1.3859
2019-12-26,1.8341,1.8433,1.8433,1.8341,0.5,8850492,0.1144,49.5266,1.3929
2019-12-27,1.8433,1.8433,1.8616,1.8341,0.0,20654192,0.267,49.5266,1.3929
2019-12-30,1.8525,1.8525,1.8616,1.8341,0.4975,18700950,0.2417,49.773,1.3998
2019-12-31,1.8525,1.8616,1.8616,1.8433,0.495,13226548,0.171,36.445,1.3946
2020-01-02,1.8616,1.88,1.88,1.8616,0.9852,27561856,0.3563,36.8041,1.4083
2020-01-03,1.88,1.8708,1.88,1.8616,-0.4878,23270803,0.3008,36.6245,1.4014
2020-01-06,1.8616,1.8616,1.88,1.8525,-0.4902,23235815,0.3004,36.445,1.3946
2020-01-07,1.8708,1.88,1.88,1.8616,0.9852,23772782,0.3073,36.8041,1.4083
2020-01-08,1.8708,1.8525,1.88,1.8525,-1.4634,29804737,0.3853,36.2655,1.3877
2020-01-09,1.8616,1.8708,1.8708,1.8525,0.9901,20671929,0.2672,36.6245,1.4014
2020-01-10,1.8708,1.8616,1.88,1.8616,-0.4902,15157180,0.1959,36.445,1.3946
2020-01-13,1.8616,1.8708,1.8708,1.8525,0.4926,16901918,0.2185,36.6245,1.4014
2020-01-14,1.8708,1.8616,1.88,1.8616,-0.4902,17576470,0.2272,36.445,1.3946
2020-01-15,1.8616,1.8433,1.8708,1.8433,-0.9852,16649447,0.2152,36.0859,1.3808
2020-01-16,1.8525,1.8433,1.8616,1.8433,0.0,12521911,0.1619,36.0859,1.3808
2020-01-17,1.8433,1.8433,1.8525,1.8341,0.0,12052040,0.1558,36.0859,1.3808
2020-01-20,1.8433,1.8525,1.8525,1.8341,0.4975,10952202,0.1416,36.2655,1.3877
2020-01-21,1.8433,1.8341,1.8525,1.825,-0.9901,17951962,0.2321,35.9064,1.374
2020-01-22,1.8341,1.8341,1.8341,1.8158,0.0,13255820,0.1714,35.9064,1.374
2020-01-23,1.825,1.7974,1.8341,1.7791,-2.0,27370880,0.3538,35.1883,1.3465
2020-02-03,1.614,1.614,1.614,1.614,-10.2041,16040300,0.2074,31.5976,1.2091
2020-02-04,1.4765,1.5682,1.6049,1.4765,-2.8409,43547803,0.5629,30.7,1.1747
2020-02-05,1.559,1.5865,1.614,1.5498,1.1696,31267860,0.4042,31.059,1.1885
2020-02-06,1.5865,1.5865,1.5957,1.5682,0.0,26797584,0.3464,31.059,1.1885
2020-02-07,1.5865,1.5774,1.5865,1.5682,-0.578,19921305,0.2575,30.8795,1.1816
2020-02-10,1.5774,1.6049,1.6049,1.5682,1.7442,23791755,0.3076,31.4181,1.2022
2020-02-11,1.6049,1.6232,1.6415,1.6049,1.1429,24372770,0.3151,31.7772,1.216
2020-02-12,1.6232,1.6324,1.6415,1.6049,0.565,23260123,0.3007,31.9567,1.2228
2020-02-13,1.6324,1.6507,1.6691,1.6324,1.1236,36109060,0.4668,32.3158,1.2366
2020-02-14,1.6415,1.6232,1.6507,1.6232,-1.6667,19364375,0.2503,31.7772,1.216
2020-02-17,1.6232,1.6599,1.6691,1.6232,2.2599,25808792,0.3336,32.4953,1.2434
2020-02-18,1.6599,1.6599,1.6782,1.6507,0.0,25271107,0.3267,32.4953,1.2434
2020-02-19,1.6599,1.6507,1.6691,1.6507,-0.5525,20394239,0.2636,32.3158,1.2366
2020-02-20,1.6599,1.6874,1.6874,1.6507,2.2222,31150810,0.4027,33.0339,1.264
2020-02-21,1.6782,1.6874,1.6966,1.6691,0.0,28697984,0.371,33.0339,1.264
2020-02-24,1.6782,1.6599,1.6874,1.6507,-1.6304,25957616,0.3356,32.4953,1.2434
2020-02-25,1.6415,1.6415,1.6507,1.614,-1.105,39802276,0.5145,32.1362,1.2297
2020-02-26,1.6324,1.6691,1.6966,1.614,1.676,54577332,0.7055,32.6748,1.2503
2020-02-27,1.6691,1.6874,1.6966,1.6691,1.0989,33402846,0.4318,33.0339,1.264
2020-02-28,1.6599,1.6324,1.6691,1.614,-3.2609,41260514,0.5334,31.9567,1.2228
2020-03-02,1.6324,1.6691,1.6782,1.6232,2.2472,31457661,0.4066,32.6748,1.2503
2020-03-03,1.6874,1.7241,1.7883,1.6599,3.2967,95571704,1.2354,33.752,1.2915
2020-03-04,1.6966,1.7333,1.7516,1.6782,0.5319,70946506,0.9171,33.9316,1.2984
2020-03-05,1.7333,1.7333,1.7424,1.7149,0.0,46606419,0.6025,33.9316,1.2984
2020-03-06,1.7241,1.7149,1.7241,1.6966,-1.0582,27243801,0.3522,33.5725,1.2847
2020-03-09,1.7057,1.6782,1.7057,1.6691,-2.139,29720935,0.3842,32.8544,1.2572
2020-03-10,1.6507,1.6874,1.6966,1.6415,0.5464,32663381,0.4222,33.0339,1.264
2020-03-11,1.6966,1.7057,1.7149,1.6782,1.087,31920920,0.4126,33.393,1.2778
2020-03-12,1.6874,1.6691,1.6966,1.6599,-2.1505,29006901,0.375,32.6748,1.2503
2020-03-13,1.6232,1.6599,1.6599,1.5865,-0.5495,33232309,0.4296,32.4953,1.2434
2020-03-16,1.6691,1.6232,1.6782,1.614,-2.2099,28438316,0.3676,31.7772,1.216
2020-03-17,1.614,1.6049,1.6415,1.5774,-1.1299,26499170,0.3426,31.4181,1.2022
2020-03-18,1.614,1.5957,1.6507,1.5957,-0.5714,27141549,0.3509,31.2386,1.1954
2020-03-19,1.5865,1.5865,1.6049,1.5682,-0.5747,21819263,0.2821,31.059,1.1885
2020-03-20,1.5957,1.6049,1.6049,1.5865,1.1561,15617820,0.2019,31.4181,1.2022
2020-03-23,1.5774,1.5682,1.5865,1.5682,-2.2857,16986810,0.2196,30.7,1.1747
2020-03-24,1.5774,1.5865,1.6049,1.5774,1.1696,15019640,0.1942,31.059,1.1885
2020-03-25,1.6049,1.614,1.6324,1.5865,1.7341,29112224,0.3763,31.5976,1.2091
2020-03-26,1.5957,1.5865,1.614,1.5774,-1.7045,20175620,0.2608,31.059,1.1885
2020-03-27,1.6049,1.5957,1.614,1.5957,0.578,14415250,0.1863,31.2386,1.1954
2020-03-30,1.5865,1.5774,1.5957,1.5682,-1.1494,15031476,0.1943,30.8795,1.1816
2020-03-31,1.5865,1.5865,1.5957,1.5774,0.5814,13207852,0.1707,31.059,1.1766
2020-04-01,1.5774,1.5774,1.5957,1.5682,-0.578,17488710,0.2261,30.8795,1.1698
2020-04-02,1.5774,1.5957,1.5957,1.5682,1.1628,13715904,0.1773,31.2386,1.1834
2020-04-03,1.5865,1.5865,1.5957,1.5774,-0.5747,12251410,0.1584,31.059,1.1766
2020-04-07,1.5957,1.5957,1.6049,1.5865,0.578,16339046,0.2112,31.2386,1.1834
2020-04-08,1.5865,1.5957,1.6049,1.5865,0.0,11838340,0.153,31.2386,1.1834
2020-04-09,1.6049,1.5957,1.6049,1.5865,0.0,9938732,0.1285,31.2386,1.1834
2020-04-10,1.5865,1.5957,1.6049,1.5774,0.0,17420686,0.2252,31.2386,1.1834
2020-04-13,1.5865,1.5774,1.5957,1.5774,-1.1494,7888000,0.102,30.8795,1.1698
2020-04-14,1.5774,1.5865,1.5957,1.5682,0.5814,11198020,0.1448,31.059,1.1766
2020-04-15,1.5865,1.5774,1.5957,1.5774,-0.578,17797383,0.2301,30.8795,1.1698
2020-04-16,1.5774,1.5774,1.5865,1.5682,0.0,9706292,0.1255,30.8795,1.1698
2020-04-17,1.5774,1.5865,1.5957,1.5774,0.5814,13231077,0.171,31.059,1.1766
2020-04-20,1.5865,1.5774,1.5865,1.5682,-0.578,12230748,0.1581,30.8795,1.1698
2020-04-21,1.5774,1.5865,1.5865,1.5682,0.5814,13302232,0.172,31.059,1.1766
2020-04-22,1.5774,1.5865,1.5865,1.5682,0.0,12159350,0.1572,31.059,1.1766
2020-04-23,1.5865,1.6324,1.6966,1.5774,2.8902,64295824,0.8311,31.9567,1.2106
2020-04-24,1.6049,1.5957,1.6232,1.5865,-2.2472,33383930,0.4315,31.2386,1.1834
2020-04-27,1.5957,1.5865,1.5957,1.5774,-0.5747,17403116,0.225,31.059,1.1766
2020-04-28,1.5774,1.5682,1.5865,1.559,-1.1561,24192317,0.3127,30.7,1.163
2020-04-29,1.5682,1.5682,1.5774,1.559,0.0,10432420,0.1349,30.7,1.163
2020-04-30,1.5682,1.5865,1.5957,1.5682,1.1696,16687122,0.2157,31.059,1.1766
2020-05-06,1.5774,1.5957,1.6049,1.5682,0.578,22828582,0.2951,31.2386,1.1834
2020-05-07,1.5957,1.5865,1.6049,1.5865,-0.5747,11313490,0.1462,31.059,1.1766
2020-05-08,1.5865,1.5957,1.6049,1.5865,0.578,19439742,0.2513,31.2386,1.1834
2020-05-11,1.5957,1.5957,1.614,1.5957,0.0,18870442,0.2439,31.2386,1.1834
2020-05-12,1.6049,1.5865,1.6049,1.5865,-0.5747,9004811,0.1164,31.059,1.1766
2020-05-13,1.5865,1.5957,1.5957,1.5774,0.578,11130276,0.1439,31.2386,1.1834
2020-05-14,1.5865,1.5865,1.5957,1.5865,-0.5747,13927643,0.18,31.059,1.1766
2020-05-15,1.5865,1.5957,1.614,1.5865,0.578,24300765,0.3141,31.2386,1.1834
2020-05-18,1.5957,1.5865,1.5957,1.5774,-0.5747,17454680,0.2256,31.059,1.1766
2020-05-19,1.5865,1.5865,1.5957,1.5774,0.0,10165906,0.1314,31.059,1.1766
2020-05-20,1.5774,1.5682,1.5865,1.5682,-1.1561,13777773,0.1781,30.7,1.163
2020-05-21,1.5774,1.5774,1.5865,1.5682,0.5848,13025413,0.1684,30.8795,1.1698
2020-05-22,1.5682,1.559,1.5774,1.559,-1.1628,12427516,0.1606,30.5204,1.1562
2020-05-25,1.5682,1.559,1.5682,1.5498,0.0,10810617,0.1397,30.5204,1.1562
2020-05-26,1.559,1.5682,1.5682,1.5498,0.5882,8625797,0.1115,30.7,1.163
2020-05-27,1.559,1.559,1.5682,1.5498,-0.5848,13290708,0.1718,30.5204,1.1562
2020-05-28,1.559,1.559,1.5682,1.5498,0.0,11800423,0.1525,30.5204,1.1562
2020-05-29,1.5498,1.5498,1.5774,1.5498,-0.5882,37354463,0.4829,30.3409,1.1494
2020-06-01,1.5498,1.5682,1.5774,1.5498,1.1834,23207623,0.3,30.7,1.163
2020-06-02,1.5682,1.6049,1.6324,1.5682,2.3392,51432931,0.6649,31.4181,1.1902
2020-06-03,1.5957,1.5774,1.5957,1.5682,-1.7143,27896644,0.3606,30.8795,1.1698
2020-06-04,1.5682,1.5682,1.5774,1.559,-0.5814,19371853,0.2504,30.7,1.163
2020-06-05,1.5682,1.5682,1.5774,1.559,0.0,14975110,0.1936,30.7,1.163
2020-06-08,1.5682,1.5774,1.5774,1.559,0.5848,13385070,0.173,30.8795,1.1698
2020-06-09,1.5682,1.5682,1.5774,1.559,-0.5814,12569106,0.1625,30.7,1.163
2020-06-10,1.5682,1.559,1.5682,1.559,-0.5848,16142482,0.2087,30.5204,1.1562
2020-06-11,1.559,1.559,1.5682,1.5498,0.0,13089300,0.1692,30.5204,1.1562
2020-06-12,1.5407,1.559,1.5682,1.5315,0.0,22545373,0.2914,30.5204,1.1562
2020-06-15,1.5498,1.5498,1.5682,1.5498,-0.5882,14285524,0.1847,30.3409,1.1494
2020-06-16,1.559,1.5682,1.5682,1.5498,1.1834,14099596,0.1823,30.7,1.163
2020-06-17,1.559,1.5498,1.5682,1.5498,-1.1696,15280800,0.1975,30.3409,1.1494
2020-06-18,1.5498,1.559,1.5682,1.5407,0.5917,20739342,0.2681,30.5204,1.1562
2020-06-19,1.559,1.5774,1.6049,1.559,1.1765,50842941,0.6572,30.8795,1.1698
2020-06-22,1.5774,1.5774,1.5774,1.5774,,,,30.8795,1.1698
2020-06-23,1.5774,1.5774,1.5774,1.5774,,,,30.8795,1.1698
2020-06-24,1.5774,1.5774,1.5774,1.5774,,,,30.8795,1.1698
2020-06-29,1.5774,1.5774,1.5774,1.5774,,,,30.8795,1.1698
2020-06-30,1.5774,1.5774,1.5774,1.5774,,,,30.8795,1.1719
2020-07-01,1.5774,1.5774,1.5774,1.5774,,,,30.8795,1.1719
2020-07-02,1.5774,1.5774,1.5774,1.5774,,,,30.8795,1.1719
2020-07-03,1.5774,1.5774,1.5774,1.5774,,,,30.8795,1.1719
2020-07-06,1.5774,1.5774,1.5774,1.5774,,,,30.8795,1.1719
2020-07-07,1.5774,1.5774,1.5774,1.5774,,,,30.8795,1.1719
2020-07-08,1.7333,1.7333,1.7333,1.7333,9.8837,6371153,0.0824,33.9316,1.2877
2020-07-09,1.9075,1.9075,1.9075,1.9075,10.0529,6217074,0.0804,37.3427,1.4172
2020-07-10,2.1001,2.1001,2.1001,2.1001,10.0962,20136973,0.2603,41.1128,1.5603
2020-07-13,2.2927,2.1276,2.2927,2.0175,1.31,345139600,4.4616,41.6514,1.5807
2020-07-14,2.0909,2.0175,2.1001,1.99,-5.1724,169400084,2.1898,39.497,1.4989
2020-07-15,1.9992,1.8983,2.0084,1.88,-5.9091,124132577,1.6046,37.1631,1.4104
2020-07-16,1.8892,1.8983,1.9534,1.8708,0.0,76549286,0.9895,37.1631,1.4104
2020-07-17,1.9167,1.8708,1.935,1.8525,-1.4493,57508871,0.7434,36.6245,1.3899
2020-07-20,1.8616,1.9075,1.9075,1.8525,1.9608,63965735,0.8269,37.3427,1.4172
2020-07-21,1.8983,1.8983,1.9167,1.8708,-0.4808,41984234,0.5427,37.1631,1.4104
2020-07-22,1.8892,1.9075,1.9167,1.88,0.4831,42230290,0.5459,37.3427,1.4172
2020-07-23,1.8982,1.9353,1.9631,1.8705,1.4563,69036268,0.8924,37.5222,1.424
2020-07-24,1.9168,1.8705,1.9168,1.8612,-3.3493,43191943,0.5583,36.2655,1.3763
2020-07-27,1.8705,1.8519,1.889,1.8427,-0.9901,30150160,0.3897,35.9064,1.3627
2020-07-28,1.8612,1.8612,1.8705,1.8519,0.5,18689252,0.2416,36.0859,1.3695
2020-07-29,1.8705,1.8797,1.8797,1.8427,0.995,29471937,0.381,36.445,1.3831
2020-07-30,1.8797,1.8519,1.8797,1.8519,-1.4778,27536627,0.356,35.9064,1.3627
2020-07-31,1.8519,1.8612,1.8797,1.8519,0.5,31507449,0.4073,36.0859,1.3695
2020-08-03,1.8612,1.9445,1.9908,1.8519,4.4776,103404214,1.3367,37.7017,1.4308
2020-08-04,1.9168,1.9075,1.9445,1.8797,-1.9048,74607262,0.9644,36.9836,1.4036
2020-08-05,1.8982,1.889,1.9075,1.8797,-0.9709,31360530,0.4054,36.6245,1.3899
2020-08-06,1.8982,1.889,1.9075,1.8705,0.0,29405695,0.3801,36.6245,1.3899
2020-08-07,1.8797,1.8705,1.889,1.8612,-0.9804,27767639,0.3589,36.2655,1.3763
2020-08-10,1.8705,1.8797,1.889,1.8612,0.495,23200252,0.2999,36.445,1.3831
2020-08-11,1.889,1.8705,1.8982,1.8612,-0.4926,28716570,0.3712,36.2655,1.3763
2020-08-12,1.8705,1.8612,1.8705,1.8427,-0.495,31926982,0.4127,36.0859,1.3695
2020-08-13,1.8612,1.8797,1.889,1.8519,0.995,25835835,0.334,36.445,1.3831
2020-08-14,1.8797,1.8797,1.889,1.8612,0.0,21673237,0.2802,36.445,1.3831
2020-08-17,1.8797,1.8982,1.8982,1.8705,0.9852,32515174,0.4203,36.8041,1.3967
2020-08-18,1.8982,1.9075,1.9168,1.8797,0.4878,52088637,0.6733,36.9836,1.4036
2020-08-19,1.8982,1.8797,1.9075,1.8797,-1.4563,40302390,0.521,36.445,1.3831
2020-08-20,1.889,1.8705,1.889,1.8705,-0.4926,22004066,0.2844,36.2655,1.3763
2020-08-21,1.8705,1.8705,1.8797,1.8705,0.0,15631113,0.2021,36.2655,1.3763
2020-08-24,1.8797,1.8705,1.8797,1.8612,0.0,18693459,0.2416,36.2655,1.3763
2020-08-25,1.8797,1.8797,1.889,1.8705,0.495,24587292,0.3178,36.445,1.3831
2020-08-26,1.8705,1.8612,1.8797,1.8519,-0.9852,24629343,0.3184,36.0859,1.3695
2020-08-27,1.8612,1.8519,1.8612,1.8427,-0.4975,17626490,0.2279,35.9064,1.3627
2020-08-28,1.8519,1.889,1.8982,1.8519,2.0,41949998,0.5423,36.6245,1.3899
2020-08-31,1.889,1.8705,1.889,1.8612,-0.9804,29211500,0.3776,36.2655,1.3763
2020-09-01,1.8705,1.8797,1.889,1.8519,0.495,31804340,0.4111,36.445,1.3831
2020-09-02,1.8705,1.8612,1.8797,1.8519,-0.9852,23574585,0.3047,36.0859,1.3695
2020-09-03,1.8612,1.8519,1.8705,1.8519,-0.4975,13187130,0.1705,35.9064,1.3627
2020-09-04,1.8519,1.8519,1.8612,1.8334,0.0,19810284,0.2561,35.9064,1.3627
2020-09-07,1.8705,1.8705,1.9075,1.8612,1.0,50320009,0.6505,36.2655,1.3763
2020-09-08,1.8705,1.8982,1.8982,1.8427,1.4851,54309734,0.7021,36.8041,1.3967
2020-09-09,1.8797,2.0742,2.0834,1.8797,9.2683,242099248,3.1296,40.2152,1.5262
2020-09-10,2.0371,1.9075,2.0371,1.889,-8.0357,128589468,1.6623,36.9836,1.4036
2020-09-11,1.889,1.8797,1.9075,1.8705,-1.4563,60550085,0.7827,36.445,1.3831
2020-09-14,1.8797,1.8797,1.889,1.8612,0.0,40314717,0.5211,36.445,1.3831
2020-09-15,1.8705,1.8612,1.8797,1.8519,-0.9852,27275021,0.3526,36.0859,1.3695
2020-09-16,1.8612,1.8705,1.8797,1.8519,0.4975,26599779,0.3439,36.2655,1.3763
2020-09-17,1.8612,1.8612,1.8705,1.8519,-0.495,21540617,0.2785,36.0859,1.3695
2020-09-18,1.8612,1.8705,1.8797,1.8612,0.4975,21533720,0.2784,36.2655,1.3763
2020-09-21,1.8705,1.8612,1.8797,1.8612,-0.495,20749824,0.2682,36.0859,1.3695
2020-09-22,1.8612,1.8705,1.8982,1.8612,0.4975,37392481,0.4834,36.2655,1.3763
2020-09-23,1.8705,1.8797,1.889,1.8705,0.495,26924854,0.3481,36.445,1.3831
2020-09-24,1.8797,1.8612,1.8797,1.8519,-0.9852,23070530,0.2982,36.0859,1.3695
2020-09-25,1.8612,1.8519,1.8705,1.8519,-0.4975,10299580,0.1331,35.9064,1.3627
2020-09-28,1.8519,1.8334,1.8612,1.8334,-1.0,22252568,0.2877,35.5473,1.349
2020-09-29,1.8334,1.8334,1.8427,1.8149,0.0,18212872,0.2354,35.5473,1.349
2020-09-30,1.8334,1.8149,1.8334,1.8056,-1.0101,16259146,0.2102,35.1883,1.313
2020-10-09,1.8242,1.8334,1.8427,1.8242,1.0204,14094880,0.1822,35.5473,1.3264
2020-10-12,1.8334,1.8705,1.8705,1.8334,2.0202,29081507,0.3759,36.2655,1.3532
2020-10-13,1.8705,1.8519,1.8705,1.8427,-0.9901,18605301,0.2405,35.9064,1.3398
2020-10-14,1.8519,1.8334,1.8519,1.8334,-1.0,15158630,0.196,35.5473,1.3264
2020-10-15,1.8427,1.8334,1.8427,1.8242,0.0,12610851,0.163,35.5473,1.3264
2020-10-16,1.8334,1.8242,1.8427,1.8242,-0.5051,11390373,0.1472,35.3678,1.3197
2020-10-19,1.8334,1.8242,1.8427,1.8242,0.0,13572365,0.1754,35.3678,1.3197
2020-10-20,1.8242,1.8334,1.8334,1.8149,0.5076,10015089,0.1295,35.5473,1.3264
2020-10-21,1.8334,1.8242,1.8334,1.8149,-0.5051,9907540,0.1281,35.3678,1.3197
2020-10-22,1.8242,1.8242,1.8242,1.8149,0.0,8343950,0.1079,35.3678,1.3197
2020-10-23,1.8242,1.8149,1.8334,1.8149,-0.5076,8928597,0.1154,35.1883,1.313
2020-10-26,1.8242,1.8149,1.8242,1.8056,0.0,9700080,0.1254,35.1883,1.313
2020-10-27,1.8149,1.8149,1.8149,1.8056,0.0,7987840,0.1033,35.1883,1.313
2020-10-28,1.8056,1.8056,1.8149,1.7964,-0.5102,10374658,0.1341,35.0087,1.3063
2020-10-29,1.7964,1.7871,1.7964,1.7686,-1.0256,13403757,0.1733,34.6497,1.2929
2020-10-30,1.7871,1.7501,1.7871,1.7501,-2.0725,15896190,0.2055,33.9316,1.2661
2020-11-02,1.7501,1.7408,1.7593,1.7316,-0.5291,17528352,0.2266,33.752,1.2594
2020-11-03,1.7408,1.7593,1.7686,1.7316,1.0638,14202361,0.1836,34.1111,1.2728
2020-11-04,1.7593,1.7593,1.7686,1.7408,0.0,14200560,0.1836,34.1111,1.2728
2020-11-05,1.7593,1.7779,1.7779,1.7501,1.0526,13924350,0.18,34.4701,1.2862
2020-11-06,1.7779,1.8056,1.8242,1.7593,1.5625,31671230,0.4094,35.0087,1.3063
2020-11-09,1.8056,1.8519,1.8612,1.7964,2.5641,55310197,0.715,35.9064,1.3398
2020-11-10,1.8612,1.8519,1.889,1.8334,0.0,42675088,0.5517,35.9064,1.3398
2020-11-11,1.8427,1.8427,1.8519,1.8149,-0.5,21378247,0.2764,35.7269,1.3331
2020-11-12,1.8427,1.8982,1.9353,1.8334,3.0151,103643272,1.3398,36.8041,1.3733
2020-11-13,1.889,1.8705,1.889,1.8242,-1.4634,59623204,0.7707,36.2655,1.3532
2020-11-16,1.9723,1.9075,2.0371,1.8982,1.9802,125537926,1.6228,36.9836,1.38
2020-11-17,1.8705,1.9631,2.0001,1.8705,2.9126,134671299,1.7409,38.0608,1.4202
2020-11-18,1.926,1.9168,1.9538,1.8982,-2.3585,89286397,1.1542,37.1631,1.3867
2020-11-19,1.889,1.8705,1.8982,1.8612,-2.4155,60778823,0.7857,36.2655,1.3532
2020-11-20,1.8705,1.889,1.9075,1.8612,0.9901,45071049,0.5826,36.6245,1.3666
2020-11-23,1.8797,1.8797,1.9075,1.8705,-0.4902,54216674,0.7009,36.445,1.3599
2020-11-24,1.8705,1.8612,1.8797,1.8519,-0.9852,45461048,0.5877,36.0859,1.3465
2020-11-25,1.8705,1.8519,1.8705,1.8427,-0.4975,44395222,0.5739,35.9064,1.3398
2020-11-26,1.8427,1.8334,1.8519,1.8149,-1.0,47538478,0.6145,35.5473,1.3264
2020-11-27,1.8242,1.8242,1.8334,1.7964,-0.5051,46822310,0.6053,35.3678,1.3197
2020-11-30,1.8149,1.8149,1.8334,1.8056,-0.5076,45017915,0.5819,35.1883,1.313
2020-12-01,1.8334,1.8705,1.889,1.8242,3.0612,72808769,0.9412,36.2655,1.3532
2020-12-02,1.8797,1.8797,1.889,1.8427,0.495,62939727,0.8136,36.445,1.3599
2020-12-03,1.8797,1.889,1.8982,1.8705,0.4926,48784089,0.6306,36.6245,1.3666
2020-12-04,1.8797,1.889,1.9168,1.8705,0.0,52011094,0.6723,36.6245,1.3666
2020-12-07,1.889,1.889,1.889,1.889,,,,36.6245,1.3666
2020-12-08,1.889,1.8519,1.9168,1.8427,-1.9608,61912903,0.8003,35.9064,1.3398
2020-12-09,1.8427,1.8056,1.8519,1.7964,-2.5,50087132,0.6475,35.0087,1.3063
2020-12-10,1.8056,1.8056,1.8056,1.7779,0.0,24715907,0.3195,35.0087,1.3063
2020-12-11,1.7964,1.7779,1.8056,1.7686,-1.5385,27422450,0.3545,34.4701,1.2862
2020-12-14,1.7686,1.7779,1.7871,1.7593,0.0,18471772,0.2388,34.4701,1.2862
2020-12-15,1.7686,1.7871,1.7871,1.7686,0.5208,12744272,0.1647,34.6497,1.2929
2020-12-16,1.7871,1.7686,1.7871,1.7593,-1.0363,15244580,0.1971,34.2906,1.2795
2020-12-17,1.7686,1.7964,1.7964,1.7593,1.5707,25182201,0.3255,34.8292,1.2996
2020-12-18,1.7871,1.7964,1.7964,1.7779,0.0,17378774,0.2247,34.8292,1.2996
2020-12-21,1.7871,1.7871,1.7964,1.7779,-0.5155,16630663,0.215,34.6497,1.2929
2020-12-22,1.7779,1.7686,1.7871,1.7593,-1.0363,18322912,0.2369,34.2906,1.2795
2020-12-23,1.7686,1.7686,1.7779,1.7593,0.0,11712395,0.1514,34.2906,1.2795
2020-12-24,1.7686,1.7686,1.7779,1.7593,0.0,14974322,0.1936,34.2906,1.2795
2020-12-25,1.7686,1.7964,1.8149,1.7593,1.5707,30151677,0.3898,34.8292,1.2996
2020-12-28,1.7871,1.7779,1.8056,1.7779,-1.0309,25243450,0.3263,34.4701,1.2862
2020-12-29,1.7779,1.8149,1.8334,1.7686,2.0833,46776960,0.6047,35.1883,1.313
2020-12-30,1.7964,1.7964,1.8242,1.7871,-1.0204,28177470,0.3642,34.8292,1.2996
2020-12-31,1.7964,1.7871,1.8056,1.7779,-0.5155,23642805,0.3056,30.6242,1.2859
2021-01-04,1.7871,1.7964,1.8149,1.7871,0.5181,26678344,0.3449,30.7829,1.2926
2021-01-05,1.7871,1.8056,1.8242,1.7686,0.5155,59343926,0.7671,30.9415,1.2992
2021-01-06,1.7964,1.7779,1.7964,1.7686,-1.5385,38123733,0.4928,30.4655,1.2793
2021-01-07,1.7964,1.7871,1.8056,1.7686,0.5208,30205900,0.3905,30.6242,1.2859
2021-01-08,1.7871,1.7871,1.7871,1.7686,0.0,25483580,0.3294,30.6242,1.2859
2021-01-11,1.7871,1.7593,1.7871,1.7593,-1.5544,22026500,0.2847,30.1482,1.2659
2021-01-12,1.7593,1.7779,1.7779,1.7501,1.0526,26773994,0.3461,30.4655,1.2793
2021-01-13,1.7686,1.7779,1.7779,1.7501,0.0,30073106,0.3888,30.4655,1.2793
2021-01-14,1.7686,1.8056,1.8242,1.7686,1.5625,56092530,0.7251,30.9415,1.2992
2021-01-15,1.8056,1.8056,1.8056,1.8056,,,,30.9415,1.2992
2021-01-18,1.8056,1.8056,1.8056,1.8056,,,,30.9415,1.2992
2021-01-19,1.8056,1.8056,1.8056,1.8056,,,,30.9415,1.2992
2021-01-20,1.8056,1.8056,1.8056,1.8056,,,,30.9415,1.2992
2021-01-21,1.8056,1.8056,1.8056,1.8056,,,,30.9415,1.2992
2021-01-22,1.889,1.8149,1.889,1.7964,0.5128,58723250,0.7591,31.1002,1.3059
2021-01-25,1.8056,1.7593,1.8056,1.7501,-3.0612,42796932,0.5532,30.1482,1.2659
2021-01-26,1.7686,1.7686,1.7686,1.7501,0.5263,22492190,0.2908,30.3068,1.2726
2021-01-27,1.7593,1.7779,1.7871,1.7593,0.5236,19706896,0.2547,30.4655,1.2793
2021-01-28,1.7779,1.7779,1.7871,1.7593,0.0,15148460,0.1958,30.4655,1.2793
2021-01-29,1.7686,1.7593,1.7779,1.7593,-1.0417,13031936,0.1685,30.1482,1.2659
2021-02-01,1.7686,1.7686,1.7779,1.7501,0.5263,14522005,0.1877,30.3068,1.2726
2021-02-02,1.7593,1.7593,1.7686,1.7408,-0.5236,19817972,0.2562,30.1482,1.2659
2021-02-03,1.7501,1.7408,1.7593,1.7223,-1.0526,26539838,0.3431,29.8308,1.2526
2021-02-04,1.7316,1.713,1.7316,1.7038,-1.5957,17340170,0.0993,51.5029,2.1626
2021-02-05,1.713,1.7408,1.7408,1.6945,1.6216,17962660,0.1029,52.3381,2.1977
2021-02-08,1.7408,1.7779,1.7871,1.7316,2.1277,30514803,0.1747,53.4517,2.2445
2021-02-09,1.6019,1.6019,1.6204,1.6019,-9.8958,96669338,0.5535,48.1622,2.0223
2021-02-10,1.5649,1.5741,1.6204,1.5556,-1.7341,97298076,0.5571,47.327,1.9873
2021-02-18,1.5741,1.5741,1.5927,1.5649,0.0,152378969,0.8725,47.327,1.9873
2021-02-19,1.5741,1.6112,1.6204,1.5649,2.3529,100249071,0.574,48.4406,2.034
2021-02-22,1.6112,1.6575,1.6853,1.6019,2.8736,145454277,0.8328,49.8326,2.0925
2021-02-23,1.6575,1.6575,1.6667,1.639,0.0,73507302,0.4209,49.8326,2.0925
2021-02-24,1.6482,1.6297,1.6667,1.6204,-1.676,78536298,0.4497,48.9974,2.0574
2021-02-25,1.639,1.6297,1.6667,1.6204,0.0,118310990,0.6774,48.9974,2.0574
2021-02-26,1.6112,1.5927,1.6112,1.5834,-2.2727,91994808,0.5267,47.8838,2.0107
2021-03-01,1.5927,1.5927,1.6204,1.5834,0.0,167318593,0.958,47.8838,2.0107
2021-03-02,1.5927,1.5834,1.6019,1.5649,-0.5814,108185106,0.6194,47.6054,1.999
2021-03-03,1.5741,1.6019,1.6019,1.5741,1.1696,112956776,0.6468,48.1622,2.0223
2021-03-04,1.5927,1.6297,1.6482,1.5834,1.7341,191111195,1.0943,48.9974,2.0574
2021-03-05,1.6204,1.6297,1.6482,1.6112,0.0,131361682,0.7522,48.9974,2.0574
2021-03-08,1.6297,1.6112,1.6482,1.6112,-1.1364,101957909,0.5838,48.4406,2.034
2021-03-09,1.6112,1.6482,1.6853,1.6019,2.2989,185122446,1.06,49.5542,2.0808
2021-03-10,1.6297,1.6112,1.639,1.6019,-2.2472,105098916,0.6018,48.4406,2.034
2021-03-11,1.6112,1.6297,1.6297,1.6019,1.1494,72145646,0.4131,48.9974,2.0574
2021-03-12,1.6204,1.639,1.6482,1.6112,0.5682,86188804,0.4935,49.2758,2.0691
2021-03-15,1.639,1.6667,1.6667,1.6297,1.6949,135500252,0.7759,50.1109,2.1042
2021-03-16,1.6575,1.6575,1.6853,1.6482,-0.5556,77822068,0.4456,49.8326,2.0925
2021-03-17,1.6575,1.6482,1.6575,1.639,-0.5587,58240940,0.3335,49.5542,2.0808
2021-03-18,1.639,1.639,1.6482,1.6297,-0.5618,63870541,0.3657,49.2758,2.0691
2021-03-19,1.6297,1.639,1.6482,1.6204,0.0,57745333,0.3306,49.2758,2.0691
2021-03-22,1.639,1.6575,1.6575,1.6297,1.1299,59573037,0.3411,49.8326,2.0925
2021-03-23,1.6575,1.639,1.6667,1.6297,-1.1173,66967048,0.3834,49.2758,2.0691
2021-03-24,1.6297,1.6112,1.639,1.6112,-1.6949,58047727,0.3324,48.4406,2.034
2021-03-25,1.6204,1.6297,1.6297,1.6112,1.1494,45584609,0.261,48.9974,2.0574
2021-03-26,1.6297,1.6297,1.639,1.6112,0.0,50502414,0.2892,48.9974,2.0574
2021-03-29,1.6204,1.6204,1.6297,1.6112,-0.5682,48045024,0.2751,48.719,2.0457
2021-03-30,1.6204,1.6112,1.6297,1.6112,-0.5714,34114394,0.1953,48.4406,2.034
2021-03-31,1.6112,1.639,1.6482,1.6019,1.7241,97408085,0.5577,49.2758,1.1263
2021-04-01,1.6297,1.6297,1.639,1.6112,-0.565,61733444,0.3535,48.9974,1.12
2021-04-02,1.6204,1.6204,1.6297,1.6112,-0.5682,29167821,0.167,48.719,1.1136
2021-04-06,1.6204,1.6204,1.6297,1.6112,0.0,32231307,0.1846,48.719,1.1136
2021-04-07,1.6297,1.639,1.639,1.6204,1.1429,72003143,0.4123,49.2758,1.1263
2021-04-08,1.639,1.6297,1.639,1.6204,-0.565,64179382,0.3675,48.9974,1.12
2021-04-09,1.6204,1.6204,1.639,1.6204,-0.5682,49611305,0.2841,48.719,1.1136
2021-04-12,1.6204,1.6204,1.6297,1.6112,0.0,40097518,0.2296,48.719,1.1136
2021-04-13,1.6204,1.6112,1.6204,1.6112,-0.5714,35720911,0.2045,48.4406,1.1073
2021-04-14,1.6112,1.6204,1.6204,1.6019,0.5747,36840907,0.2109,48.719,1.1136
2021-04-15,1.6112,1.6112,1.6204,1.6019,-0.5714,35468464,0.2031,48.4406,1.1073
2021-04-16,1.6112,1.6204,1.6297,1.6019,0.5747,57286439,0.328,48.719,1.1136
2021-04-19,1.6204,1.6297,1.639,1.6112,0.5714,63932808,0.3661,48.9974,1.12
2021-04-20,1.6204,1.6112,1.6297,1.6112,-1.1364,38621702,0.2211,48.4406,1.1073
2021-04-21,1.6204,1.6204,1.6297,1.6112,0.5747,38082737,0.2181,48.719,1.1136
2021-04-22,1.6204,1.6112,1.6297,1.6112,-0.5714,28517871,0.1633,48.4406,1.1073
2021-04-23,1.6112,1.6019,1.6204,1.5927,-0.5747,61371613,0.3514,48.1622,1.1009
2021-04-26,1.6019,1.5834,1.6019,1.5834,-1.1561,37457115,0.2145,47.6054,1.0882
2021-04-27,1.5834,1.5834,1.5927,1.5741,0.0,40789300,0.2336,47.6054,1.0882
2021-04-28,1.5834,1.5834,1.5834,1.5741,0.0,25134066,0.1439,47.6054,1.0882
2021-04-29,1.5834,1.5927,1.6019,1.5741,0.5848,40683691,0.2329,47.8838,1.0945
2021-04-30,1.5927,1.5927,1.6019,1.5834,0.0,37668836,0.2157,47.8838,1.0945
2021-05-06,1.5834,1.5927,1.6112,1.5834,0.0,48815655,0.2795,47.8838,1.0945
2021-05-07,1.5927,1.6204,1.6204,1.5927,1.7442,76817701,0.4398,48.719,1.1136
2021-05-10,1.6204,1.6204,1.6297,1.6019,0.0,60666894,0.3474,48.719,1.1136
2021-05-11,1.6204,1.6204,1.6297,1.6112,0.0,48748341,0.2791,48.719,1.1136
2021-05-12,1.6204,1.6297,1.639,1.6204,0.5714,67993108,0.3893,48.9974,1.12
2021-05-13,1.6297,1.6204,1.639,1.6112,-0.5682,72618333,0.4158,48.719,1.1136
2021-05-14,1.6204,1.6204,1.6297,1.6112,0.0,48237065,0.2762,48.719,1.1136
2021-05-17,1.6204,1.6204,1.6297,1.6112,0.0,51043131,0.2923,48.719,1.1136
2021-05-18,1.6204,1.6204,1.6297,1.6112,0.0,42335350,0.2424,48.719,1.1136
2021-05-19,1.6204,1.6112,1.6297,1.6112,-0.5714,32929565,0.1885,48.4406,1.1073
2021-05-20,1.6204,1.5927,1.6204,1.5927,-1.1494,57510384,0.3293,47.8838,1.0945
2021-05-21,1.5927,1.6112,1.6112,1.5927,1.1628,48398872,0.2771,48.4406,1.1073
2021-05-24,1.6019,1.6112,1.6204,1.6019,0.0,42689641,0.2444,48.4406,1.1073
2021-05-25,1.6112,1.6112,1.6204,1.6019,0.0,48646788,0.2785,48.4406,1.1073
2021-05-26,1.6112,1.6112,1.6204,1.6019,0.0,41688569,0.2387,48.4406,1.1073
2021-05-27,1.6112,1.6112,1.6204,1.6019,0.0,40011070,0.2291,48.4406,1.1073
2021-05-28,1.6112,1.6112,1.6112,1.6019,0.0,25691902,0.1471,48.4406,1.1073
2021-05-31,1.6019,1.6019,1.6112,1.6019,-0.5747,29626263,0.1696,48.1622,1.1009
2021-06-01,1.6019,1.6019,1.6019,1.5927,0.0,40518464,0.232,48.1622,1.1009
2021-06-02,1.6019,1.5927,1.6019,1.5927,-0.578,34231517,0.196,47.8838,1.0945
2021-06-03,1.6019,1.6112,1.6297,1.5927,1.1628,93800384,0.5371,48.4406,1.1073
2021-06-04,1.6112,1.6019,1.6204,1.6019,-0.5747,52383664,0.2999,48.1622,1.1009
2021-06-07,1.6112,1.6019,1.6112,1.5927,0.0,49287742,0.2822,48.1622,1.1009
2021-06-08,1.6019,1.6019,1.6019,1.5927,0.0,24425428,0.1399,48.1622,1.1009
2021-06-09,1.6019,1.6019,1.6019,1.5927,0.0,33781256,0.1934,48.1622,1.1009
2021-06-10,1.6019,1.6112,1.6112,1.5927,0.578,54217074,0.3104,48.4406,1.1073
2021-06-11,1.6019,1.6112,1.6204,1.6019,0.0,66094278,0.3784,48.4406,1.1073
2021-06-15,1.6019,1.6019,1.6112,1.6019,-0.5747,36735022,0.2103,48.1622,1.1009
2021-06-16,1.6112,1.6019,1.6112,1.5927,0.0,36412086,0.2085,48.1622,1.1009
2021-06-17,1.6019,1.6019,1.6112,1.5927,0.0,47609780,0.2726,48.1622,1.1009
2021-06-18,1.6019,1.6019,1.6019,1.5927,0.0,35392848,0.2027,48.1622,1.1009
2021-06-21,1.6019,1.5834,1.6019,1.5834,-1.1561,41931237,0.2401,47.6054,1.0882
2021-06-22,1.5927,1.5927,1.6019,1.5834,0.5848,38835687,0.2224,47.8838,1.0945
2021-06-23,1.6019,1.5927,1.6019,1.5834,0.0,33030819,0.1891,47.8838,1.0945
2021-06-24,1.5927,1.5927,1.6019,1.5834,0.0,41090935,0.2353,47.8838,1.0945
2021-06-25,1.5927,1.5927,1.6019,1.5834,0.0,36004827,0.2062,47.8838,1.0945
2021-06-28,1.5927,1.5927,1.6019,1.5834,0.0,27161019,0.1555,47.8838,1.0945
2021-06-29,1.5834,1.5834,1.5927,1.5741,-0.5814,55765439,0.3193,47.6054,1.0882
2021-06-30,1.5834,1.5834,1.5927,1.5741,0.0,29039389,0.1663,47.6054,1.0922
2021-07-01,1.5834,1.5741,1.5927,1.5741,-0.5848,26235444,0.1502,47.327,1.0858
2021-07-02,1.5741,1.5834,1.5834,1.5649,0.5882,34663094,0.1985,47.6054,1.0922
2021-07-05,1.5741,1.5834,1.5834,1.5741,0.0,27241395,0.156,47.6054,1.0922
2021-07-06,1.5834,1.5834,1.5834,1.5741,0.0,29869838,0.171,47.6054,1.0922
2021-07-07,1.5928,1.5834,1.5928,1.5834,0.0,37399019,0.2141,46.7702,1.073
2021-07-08,1.5834,1.574,1.5928,1.574,-0.5952,34278372,0.1963,46.4918,1.0666
2021-07-09,1.574,1.6023,1.6117,1.5646,1.7964,91528487,0.5241,47.327,1.0858
2021-07-12,1.6023,1.6023,1.6211,1.5928,0.0,76263929,0.4367,47.327,1.0858
2021-07-13,1.6023,1.5928,1.6023,1.5834,-0.5882,55713282,0.319,47.0486,1.0794
2021-07-14,1.5928,1.5834,1.5928,1.574,-0.5917,60526122,0.3466,46.7702,1.073
2021-07-15,1.5834,1.574,1.5834,1.5646,-0.5952,47105299,0.2697,46.4918,1.0666
2021-07-16,1.574,1.574,1.5834,1.574,0.0,23993754,0.1374,46.4918,1.0666
2021-07-19,1.574,1.5834,1.5834,1.5646,0.5988,35133069,0.2012,46.7702,1.073
2021-07-20,1.574,1.574,1.5834,1.5646,-0.5952,30733161,0.176,46.4918,1.0666
2021-07-21,1.574,1.574,1.5834,1.574,0.0,25930027,0.1485,46.4918,1.0666
2021-07-22,1.574,1.6023,1.6117,1.574,1.7964,99848935,0.5717,47.327,1.0858
2021-07-23,1.5928,1.6305,1.64,1.5928,1.7647,112176705,0.6423,48.1622,1.1049
2021-07-26,1.6211,1.6023,1.6305,1.5834,-1.7341,107399346,0.615,47.327,1.0858
2021-07-27,1.6023,1.5834,1.6023,1.5646,-1.1765,71693792,0.4105,46.7702,1.073
2021-07-28,1.574,1.5834,1.5834,1.5646,0.0,66163028,0.3788,46.7702,1.073
2021-07-29,1.5834,1.5928,1.5928,1.574,0.5952,59448740,0.3404,47.0486,1.0794
2021-07-30,1.5928,1.5834,1.5928,1.574,-0.5917,48432475,0.2773,46.7702,1.073
2021-08-02,1.5834,1.6023,1.6023,1.574,1.1905,65725380,0.3763,47.327,1.0858
2021-08-03,1.5928,1.6023,1.6211,1.5928,0.0,66029980,0.3781,47.327,1.0858
2021-08-04,1.6023,1.6023,1.6117,1.6023,0.0,33271640,0.1905,47.327,1.0858
2021-08-05,1.6023,1.5928,1.6117,1.5834,-0.5882,61066856,0.3497,47.0486,1.0794
2021-08-06,1.5928,1.5834,1.5928,1.5834,-0.5917,25724750,0.1473,46.7702,1.073
2021-08-09,1.5834,1.5834,1.5928,1.574,0.0,53067349,0.3039,46.7702,1.073
2021-08-10,1.5834,1.5834,1.5928,1.574,0.0,42070157,0.2409,46.7702,1.073
2021-08-11,1.5834,1.5834,1.5928,1.574,0.0,59361886,0.3399,46.7702,1.073
2021-08-12,1.5834,1.5834,1.5928,1.574,0.0,36381724,0.2083,46.7702,1.073
2021-08-13,1.5834,1.5928,1.6023,1.574,0.5952,77867905,0.4459,47.0486,1.0794
2021-08-16,1.5928,1.5928,1.6023,1.5834,0.0,37397664,0.2141,47.0486,1.0794
2021-08-17,1.5928,1.5834,1.6023,1.574,-0.5917,69948337,0.4005,46.7702,1.073
2021-08-18,1.574,1.5834,1.5928,1.574,0.0,52919510,0.303,46.7702,1.073
2021-08-19,1.5834,1.574,1.5834,1.574,-0.5952,36606882,0.2096,46.4918,1.0666
2021-08-20,1.574,1.574,1.5834,1.5646,0.0,52206547,0.2989,46.4918,1.0666
2021-08-23,1.574,1.574,1.5834,1.574,0.0,44576239,0.2552,46.4918,1.0666
2021-08-24,1.574,1.574,1.5834,1.574,0.0,31104386,0.1781,46.4918,1.0666
2021-08-25,1.5834,1.6023,1.6023,1.574,1.7964,96097741,0.5502,47.327,1.0858
2021-08-26,1.6023,1.6117,1.6305,1.5928,0.5882,166627531,0.9541,47.6054,1.0922
2021-08-27,1.6023,1.6117,1.6211,1.5928,0.0,104425978,0.5979,47.6054,1.0922
2021-08-30,1.6117,1.5834,1.6117,1.5834,-1.7544,82694531,0.4735,46.7702,1.073
2021-08-31,1.5834,1.6023,1.6023,1.5834,1.1905,73388428,0.4202,47.327,1.0858
2021-09-01,1.6023,1.6305,1.6494,1.5928,1.7647,183443836,1.0504,48.1622,1.1049
2021-09-02,1.6305,1.6777,1.6871,1.6211,2.8902,203733745,1.1665,49.5542,1.1369
2021-09-03,1.6871,1.6682,1.6871,1.6494,-0.5618,178482640,1.022,49.2758,1.1305
2021-09-06,1.6777,1.6777,1.6965,1.6682,0.565,114290162,0.6544,49.5542,1.1369
2021-09-07,1.6777,1.7248,1.7248,1.6682,2.809,170867236,0.9784,50.9461,1.1688
2021-09-08,1.7248,1.7625,1.7719,1.7154,2.1858,196953118,1.1277,52.0597,1.1944
2021-09-09,1.7531,1.8002,1.819,1.7436,2.139,222159228,1.272,53.1733,1.2199
2021-09-10,1.7908,1.7531,1.819,1.7436,-2.6178,199103361,1.14,51.7813,1.188
2021-09-13,1.7531,1.7813,1.8002,1.7436,1.6129,150943679,0.8643,52.6165,1.2071
2021-09-14,1.8096,1.7531,1.819,1.7436,-1.5873,169091783,0.9682,51.7813,1.188
2021-09-15,1.7531,1.7719,1.7908,1.7342,1.0753,138127479,0.7909,52.3381,1.2007
2021-09-16,1.7719,1.7625,1.8096,1.7531,-0.5319,141074631,0.8078,52.0597,1.1944
2021-09-17,1.7625,1.7154,1.7625,1.6871,-2.6738,148419929,0.8498,50.6677,1.1624
2021-09-22,1.6965,1.7625,1.7719,1.6871,2.7473,134879693,0.7723,52.0597,1.1944
2021-09-23,1.7719,1.8096,1.819,1.7625,2.6738,214253754,1.2268,53.4517,1.2263
2021-09-24,1.819,1.7719,1.8379,1.7625,-2.0833,153613297,0.8796,52.3381,1.2007
2021-09-27,1.7625,1.6965,1.7813,1.6871,-4.2553,147487310,0.8445,50.1109,1.1496
2021-09-28,1.6965,1.7342,1.7436,1.6871,2.2222,106201200,0.6081,51.2245,1.1752
2021-09-29,1.7248,1.6871,1.7248,1.6871,-2.7174,103225651,0.5911,49.8326,1.1433
2021-09-30,1.6965,1.7059,1.7154,1.6871,1.1173,72612915,0.4158,50.3893,1.1394
2021-10-08,1.7154,1.7154,1.7342,1.7059,0.5525,77550648,0.444,50.6677,1.1457
2021-10-11,1.7154,1.6965,1.7248,1.6871,-1.0989,91073760,0.5215,50.1109,1.1331
2021-10-12,1.6871,1.6211,1.6965,1.6117,-4.4444,209788541,1.2012,47.8838,1.0827
2021-10-13,1.6305,1.6117,1.6305,1.5928,-0.5814,124610440,0.7135,47.6054,1.0764
2021-10-14,1.6117,1.6117,1.6211,1.5928,0.0,103931063,0.5951,47.6054,1.0764
2021-10-15,1.6023,1.6023,1.6117,1.5928,-0.5848,70907327,0.406,47.327,1.0701
2021-10-18,1.6023,1.6117,1.6211,1.5928,0.5882,100632650,0.5762,47.6054,1.0764
2021-10-19,1.6117,1.6211,1.6305,1.6023,0.5848,84700969,0.485,47.8838,1.0827
2021-10-20,1.6117,1.6023,1.6211,1.6023,-1.1628,46410151,0.2657,47.327,1.0701
2021-10-21,1.6023,1.6023,1.6117,1.5928,0.0,48265241,0.2764,47.327,1.0701
2021-10-22,1.5928,1.5834,1.6023,1.574,-1.1765,91713709,0.5251,46.7702,1.0576
2021-10-25,1.574,1.5928,1.5928,1.574,0.5952,49117162,0.2812,47.0486,1.0639
2021-10-26,1.5834,1.5834,1.5928,1.574,-0.5917,44937989,0.2573,46.7702,1.0576
2021-10-27,1.5834,1.574,1.5834,1.5646,-0.5952,45162174,0.2586,46.4918,1.0513
2021-10-28,1.574,1.5834,1.5834,1.5646,0.5988,55708693,0.319,46.7702,1.0576
2021-10-29,1.5834,1.5928,1.5928,1.574,0.5952,47922448,0.2744,47.0486,1.0639
2021-11-01,1.5928,1.5834,1.5928,1.574,-0.5917,41216196,0.236,46.7702,1.0576
2021-11-02,1.5834,1.5834,1.5928,1.574,0.0,45389508,0.2599,46.7702,1.0576
2021-11-03,1.5834,1.574,1.5834,1.574,-0.5952,26680231,0.1528,46.4918,1.0513
2021-11-04,1.574,1.5834,1.5834,1.574,0.5988,32265806,0.1847,46.7702,1.0576
2021-11-05,1.5834,1.574,1.5834,1.5646,-0.5952,35658457,0.2042,46.4918,1.0513
2021-11-08,1.574,1.574,1.5834,1.5646,0.0,31766304,0.1819,46.4918,1.0513
2021-11-09,1.574,1.574,1.5834,1.5646,0.0,37382754,0.214,46.4918,1.0513
2021-11-10,1.574,1.574,1.5834,1.5646,0.0,38415312,0.22,46.4918,1.0513
2021-11-11,1.574,1.5834,1.5834,1.5646,0.5988,28256453,0.1618,46.7702,1.0576
2021-11-12,1.5834,1.5834,1.5834,1.574,0.0,28773941,0.1648,46.7702,1.0576
2021-11-15,1.5834,1.5834,1.5834,1.574,0.0,41463262,0.2374,46.7702,1.0576
2021-11-16,1.574,1.574,1.5834,1.574,-0.5952,36064563,0.2065,46.4918,1.0513
2021-11-17,1.5834,1.574,1.5834,1.574,0.0,27630700,0.1582,49.2941,1.1146
2021-11-18,1.574,1.574,1.5834,1.574,0.0,27492369,0.1574,49.2941,1.1146
2021-11-19,1.574,1.574,1.5834,1.5646,0.0,42248594,0.2419,49.2941,1.1146
2021-11-22,1.5834,1.5834,1.5834,1.574,0.5988,36365037,0.2082,49.5893,1.1213
2021-11-23,1.5834,1.6117,1.6211,1.574,1.7857,128486886,0.7357,50.4748,1.1413
2021-11-24,1.6023,1.6023,1.6117,1.5928,-0.5848,45355524,0.2597,50.1797,1.1347
2021-11-25,1.6117,1.5928,1.6117,1.5834,-0.5882,60043114,0.3438,49.8845,1.128
2021-11-26,1.5834,1.5834,1.5928,1.574,-0.5917,40433840,0.2315,49.5893,1.1213
2021-11-29,1.574,1.5834,1.5834,1.574,0.0,35383956,0.2026,49.5893,1.1213
2021-11-30,1.5834,1.5834,1.5928,1.574,0.0,38226418,0.2189,49.5893,1.1213
2021-12-01,1.5834,1.5928,1.5928,1.5834,0.5952,25640881,0.1468,49.8845,1.128
2021-12-02,1.5928,1.5928,1.6023,1.5834,0.0,65482124,0.3749,49.8845,1.128
2021-12-03,1.6211,1.64,1.6965,1.6211,2.9586,232054008,1.3287,51.3604,1.1614
2021-12-06,1.6211,1.6023,1.64,1.6023,-2.2989,132601141,0.7593,50.1797,1.1347
2021-12-07,1.6117,1.6023,1.6211,1.5928,0.0,65561672,0.3754,50.1797,1.1347
2021-12-08,1.6117,1.6023,1.6117,1.6023,0.0,45212680,0.2589,50.1797,1.1347
2021-12-09,1.6117,1.6117,1.6211,1.6023,0.5882,49617496,0.2841,50.4748,1.1413
2021-12-10,1.6211,1.6305,1.64,1.6023,1.1696,97221587,0.5567,51.0652,1.1547
2021-12-13,1.6305,1.6211,1.64,1.6117,-0.578,70042320,0.4011,50.77,1.148
2021-12-14,1.6117,1.6211,1.6305,1.6117,0.0,47596840,0.2725,50.77,1.148
2021-12-15,1.6211,1.6305,1.6305,1.6117,0.5814,55199774,0.3161,51.0652,1.1547
2021-12-16,1.6211,1.6305,1.6305,1.6117,0.0,45863876,0.2626,51.0652,1.1547
2021-12-17,1.6305,1.64,1.6494,1.6211,0.578,89150294,0.5105,51.3604,1.1614
2021-12-20,1.6305,1.6494,1.6588,1.6211,0.5747,109288173,0.6258,51.6555,1.168
2021-12-21,1.6494,1.6871,1.7342,1.64,2.2857,190189603,1.089,52.8362,1.1947
2021-12-22,1.6871,1.6682,1.6965,1.6588,-1.1173,106060567,0.6073,52.2459,1.1814
2021-12-23,1.6588,1.64,1.6682,1.64,-1.6949,67118604,0.3843,51.3604,1.1614
2021-12-24,1.64,1.64,1.6494,1.6211,0.0,68666993,0.3932,51.3604,1.1614
2021-12-27,1.6305,1.64,1.6494,1.6305,0.0,46172364,0.2644,51.3604,1.1614
2021-12-28,1.64,1.6305,1.6494,1.6305,-0.5747,28621723,0.1639,51.0652,1.1547
2021-12-29,1.64,1.6305,1.6494,1.6305,0.0,54740781,0.3134,51.0652,1.1547
2021-12-30,1.6305,1.6305,1.64,1.6211,0.0,54262632,0.3107,51.0652,1.1547
2021-12-31,1.6305,1.6305,1.64,1.6211,0.0,43490893,0.249,21.6576,1.0936
2022-01-04,1.6305,1.6682,1.6682,1.6305,2.3121,95204730,0.5451,22.1584,1.1189
2022-01-05,1.6588,1.6588,1.6965,1.6588,-0.565,132933691,0.7612,22.0332,1.1126
2022-01-06,1.6588,1.6682,1.6777,1.6494,0.5682,86943628,0.4978,22.1584,1.1189
2022-01-07,1.6682,1.6777,1.6871,1.6588,0.565,73132606,0.4187,22.2835,1.1252
2022-01-10,1.6777,1.6777,1.6871,1.6682,0.0,49449166,0.2831,22.2835,1.1252
2022-01-11,1.6777,1.6682,1.6777,1.6588,-0.5618,73871166,0.423,22.1584,1.1189
2022-01-12,1.6682,1.6588,1.6777,1.6494,-0.565,59978098,0.3434,22.0332,1.1126
2022-01-13,1.6588,1.6588,1.6682,1.6494,0.0,40309328,0.2308,22.0332,1.1126
2022-01-14,1.6588,1.64,1.6588,1.6305,-1.1364,62523511,0.358,21.7828,1.0999
2022-01-17,1.6305,1.6211,1.64,1.6211,-1.1494,52735785,0.302,21.5324,1.0873
2022-01-18,1.6211,1.6211,1.6305,1.6211,0.0,41460691,0.2374,21.5324,1.0873
2022-01-19,1.6211,1.6211,1.64,1.6211,0.0,57660217,0.3302,21.5324,1.0873
2022-01-20,1.6305,1.6305,1.64,1.6211,0.5814,57788190,0.3309,21.6576,1.0936
2022-01-21,1.6305,1.6211,1.64,1.6211,-0.578,48801089,0.2794,21.5324,1.0873
2022-01-24,1.6211,1.6117,1.6305,1.6023,-0.5814,59018463,0.3379,21.4072,1.081
2022-01-25,1.6023,1.5834,1.6117,1.574,-1.7544,70759951,0.4052,21.0317,1.062
2022-01-26,1.574,1.5834,1.5928,1.574,0.0,37555037,0.215,21.0317,1.062
2022-01-27,1.5834,1.5834,1.5928,1.574,0.0,57123222,0.3271,21.0317,1.062
2022-01-28,1.5834,1.5834,1.5928,1.574,0.0,41809611,0.2394,21.0317,1.062
2022-02-07,1.5928,1.6117,1.6211,1.5928,1.7857,64699864,0.3705,21.4072,1.081
2022-02-08,1.6117,1.64,1.6494,1.6023,1.7544,96628650,0.5533,21.7828,1.0999
2022-02-09,1.64,1.6494,1.6588,1.64,0.5747,73635843,0.4216,21.908,1.1062
2022-02-10,1.6494,1.6494,1.6588,1.64,0.0,72547042,0.4154,21.908,1.1062
2022-02-11,1.6494,1.6494,1.6588,1.64,0.0,50499171,0.2891,21.908,1.1062
2022-02-14,1.64,1.6305,1.6494,1.6211,-1.1429,62263870,0.3565,21.6576,1.0936
2022-02-15,1.6305,1.6211,1.64,1.6211,-0.578,40156790,0.2299,21.5324,1.0873
2022-02-16,1.6305,1.64,1.64,1.6211,1.1628,36794189,0.2107,21.7828,1.0999
2022-02-17,1.64,1.6305,1.64,1.6211,-0.5747,38874593,0.2226,21.6576,1.0936
2022-02-18,1.6211,1.6494,1.6494,1.6211,1.1561,51136746,0.2928,21.908,1.1062
2022-02-21,1.64,1.6494,1.6494,1.6305,0.0,44802442,0.2565,21.908,1.1062
2022-02-22,1.64,1.64,1.6494,1.6305,-0.5714,37840247,0.2167,21.7828,1.0999
2022-02-23,1.64,1.64,1.64,1.6305,0.0,34258319,0.1962,21.7828,1.0999
2022-02-24,1.64,1.6117,1.64,1.5928,-1.7241,91438285,0.5236,21.4072,1.081
2022-02-25,1.6305,1.6588,1.6777,1.6305,2.924,201062458,1.1512,22.0332,1.1126
2022-02-28,1.7248,1.6682,1.8096,1.6682,0.5682,280417344,1.6056,22.1584,1.1189
2022-03-01,1.6588,1.6682,1.6965,1.6494,0.0,190229294,1.0892,22.1584,1.1189
2022-03-02,1.6682,1.7625,1.7813,1.6588,5.6497,397455200,2.2758,23.4102,1.1821
2022-03-03,1.7625,1.9416,1.9416,1.7436,10.1604,681984304,3.9049,25.7888,1.3022
2022-03-04,2.0358,1.8285,2.0358,1.8285,-5.8252,772656560,4.4241,24.2866,1.2263
2022-03-07,1.7813,1.7436,1.8002,1.7154,-4.6392,426114928,2.4399,23.1599,1.1695
2022-03-08,1.7154,1.6588,1.7436,1.6588,-4.8649,302355072,1.7312,22.0332,1.1126
2022-03-09,1.6682,1.64,1.6777,1.5834,-1.1364,260086126,1.4892,21.7828,1.0999
2022-03-10,1.6588,1.64,1.6777,1.6305,0.0,187865911,1.0757,21.7828,1.0999
2022-03-11,1.6211,1.6777,1.7059,1.6023,2.2989,254061456,1.4547,22.2835,1.1252
2022-03-14,1.64,1.6305,1.6777,1.6211,-2.809,170445453,0.9759,21.6576,1.0936
2022-03-15,1.6211,1.5834,1.6305,1.574,-2.8902,199716566,1.1435,21.0317,1.062
2022-03-16,1.5928,1.6211,1.6211,1.574,2.381,146810922,0.8406,21.5324,1.0873
2022-03-17,1.6305,1.6211,1.64,1.6117,0.0,136001344,0.7787,21.5324,1.0873
2022-03-18,1.6117,1.6305,1.64,1.6023,0.5814,129869588,0.7436,21.6576,1.0936
2022-03-21,1.6305,1.6211,1.6305,1.6117,-0.578,84336412,0.4829,21.5324,1.0873
2022-03-22,1.6117,1.64,1.64,1.6023,1.1628,137250778,0.7859,21.7828,1.0999
2022-03-23,1.6305,1.6211,1.64,1.6117,-1.1494,86809101,0.4971,21.5324,1.0873
2022-03-24,1.6211,1.6211,1.6305,1.6117,0.0,82840959,0.4743,21.5324,1.0873
2022-03-25,1.6211,1.6117,1.6305,1.6023,-0.5814,83232437,0.4766,21.4072,1.081
2022-03-28,1.6117,1.6117,1.6211,1.5928,0.0,89210251,0.5108,21.4072,1.081
2022-03-29,1.6117,1.6117,1.6305,1.6023,0.0,75324487,0.4313,21.4072,1.081
2022-03-30,1.6211,1.6211,1.6305,1.6117,0.5848,67137424,0.3844,21.5324,1.0873
2022-03-31,1.6211,1.6211,1.64,1.6117,0.0,101446745,0.5809,21.5324,1.0732
2022-04-01,1.6211,1.6777,1.6871,1.6117,3.4884,245724309,1.407,22.2835,1.1106
2022-04-06,1.6682,1.6871,1.7059,1.6588,0.5618,190025368,1.0881,22.4087,1.1168
2022-04-07,1.6871,1.6588,1.6965,1.6494,-1.676,157808532,0.9036,22.0332,1.0981
2022-04-08,1.6682,1.6682,1.6777,1.64,0.5682,114913028,0.658,22.1584,1.1044
2022-04-11,1.6777,1.6494,1.6965,1.64,-1.1299,129703698,0.7427,21.908,1.0919
2022-04-12,1.6494,1.7154,1.7342,1.6305,4.0,243939325,1.3968,22.7843,1.1356
2022-04-13,1.6965,1.6965,1.7248,1.6777,-1.0989,193155548,1.106,22.5339,1.1231
2022-04-14,1.6871,1.6871,1.7059,1.6777,-0.5556,118353118,0.6777,22.4087,1.1168
2022-04-15,1.6777,1.6588,1.6871,1.6494,-1.676,102657603,0.5878,22.0332,1.0981
2022-04-18,1.6588,1.6494,1.6588,1.64,-0.5682,62497819,0.3579,21.908,1.0919
2022-04-19,1.64,1.6682,1.6682,1.64,1.1429,89219446,0.5109,22.1584,1.1044
2022-04-20,1.6588,1.6305,1.6777,1.6211,-2.2599,95815208,0.5486,21.6576,1.0794
2022-04-21,1.6211,1.6023,1.64,1.6023,-1.7341,95662286,0.5477,21.282,1.0607
2022-04-22,1.6023,1.6117,1.6305,1.5928,0.5882,84945053,0.4864,21.4072,1.0669
2022-04-25,1.6023,1.574,1.6117,1.5646,-2.3392,150533834,0.8619,20.9065,1.042
2022-04-26,1.574,1.5457,1.5834,1.5269,-1.7964,115496000,0.6613,20.5309,1.0232
2022-04-27,1.5269,1.5551,1.5646,1.4986,0.6098,110115813,0.6305,20.6561,1.0295
2022-04-28,1.5457,1.5551,1.5646,1.5363,0.0,84662454,0.4848,20.6561,1.0295
2022-04-29,1.5646,1.574,1.5834,1.5457,1.2121,79207081,0.4535,20.9065,1.042
2022-05-05,1.574,1.5834,1.5928,1.5551,0.5988,75089878,0.43,21.0317,1.0482
2022-05-06,1.5646,1.5551,1.5646,1.5457,-1.7857,67127121,0.3844,20.6561,1.0295
2022-05-09,1.5551,1.574,1.5834,1.5457,1.2121,61256746,0.3507,20.9065,1.042
2022-05-10,1.5646,1.5834,1.5928,1.5551,0.5988,67337933,0.3856,21.0317,1.0482
2022-05-11,1.5834,1.5834,1.6023,1.574,0.0,84144455,0.4818,21.0317,1.0482
2022-05-12,1.574,1.574,1.5834,1.5646,-0.5952,52368647,0.2999,20.9065,1.042
2022-05-13,1.574,1.5928,1.6117,1.5646,1.1976,87315906,0.5,21.1569,1.0544
2022-05-16,1.6023,1.6023,1.6211,1.5928,0.5917,87154609,0.499,21.282,1.0607
2022-05-17,1.6023,1.6023,1.6117,1.5834,0.0,84939251,0.4511,21.282,1.0607
2022-05-18,1.6023,1.5834,1.6023,1.574,-1.1765,55401176,0.2942,21.0317,1.0482
2022-05-19,1.5646,1.5834,1.5834,1.5646,0.0,55871530,0.2967,21.0317,1.0482
2022-05-20,1.5834,1.6023,1.6023,1.574,1.1905,61703316,0.3277,21.282,1.0607
2022-05-23,1.6023,1.6117,1.6211,1.5928,0.5882,81500871,0.4329,21.4072,1.0669
2022-05-24,1.6117,1.5834,1.6305,1.574,-1.7544,93889973,0.4987,21.0317,1.0482
2022-05-25,1.5834,1.64,1.6588,1.574,3.5714,206702169,1.0978,21.7828,1.0856
2022-05-26,1.6494,1.6494,1.6682,1.6305,0.5747,144794165,0.769,21.908,1.0919
2022-05-27,1.6494,1.6305,1.6494,1.6211,-1.1429,84504557,0.4488,21.6576,1.0794
2022-05-30,1.6305,1.6305,1.64,1.6117,0.0,68576446,0.3642,21.6576,1.0794
2022-05-31,1.6211,1.6211,1.64,1.6211,-0.578,131356612,0.6977,21.5324,1.0732
2022-06-01,1.6211,1.6494,1.6682,1.6211,1.7442,120046147,0.6376,21.908,1.0919
2022-06-02,1.64,1.64,1.6494,1.6211,-0.5714,68718991,0.365,21.7828,1.0856
2022-06-06,1.64,1.64,1.6494,1.6211,0.0,68716566,0.365,21.7828,1.0856
2022-06-07,1.6305,1.6494,1.6777,1.6305,0.5747,135736610,0.7209,21.908,1.0919
2022-06-08,1.6494,1.64,1.6494,1.6211,-0.5714,103617887,0.5503,21.7828,1.0856
2022-06-09,1.6305,1.6305,1.64,1.6117,-0.5747,71675607,0.3807,21.6576,1.0794
2022-06-10,1.6211,1.6305,1.64,1.6117,0.0,67538139,0.3587,21.6576,1.0794
2022-06-13,1.6305,1.6211,1.64,1.6117,-0.578,69863865,0.3711,21.5324,1.0732
2022-06-14,1.6117,1.6305,1.6305,1.6023,0.5814,91791463,0.4875,21.6576,1.0794
2022-06-15,1.6305,1.6305,1.6588,1.6211,0.0,108704958,0.5773,21.6576,1.0794
2022-06-16,1.64,1.6305,1.64,1.6211,0.0,80362952,0.4268,21.6576,1.0794
2022-06-17,1.6211,1.6211,1.6305,1.6117,-0.578,57049119,0.303,21.5324,1.0732
2022-06-20,1.6211,1.6211,1.6305,1.6117,0.0,41905695,0.2226,21.5324,1.0732
2022-06-21,1.6211,1.6211,1.6305,1.6117,0.0,44608505,0.2369,21.5324,1.0732
2022-06-22,1.6211,1.6211,1.64,1.6117,0.0,83258341,0.4422,21.5324,1.0732
2022-06-23,1.6211,1.6305,1.6305,1.6117,0.5814,56196572,0.2985,21.6576,1.0794
2022-06-24,1.6211,1.6211,1.6305,1.6117,-0.578,43528691,0.2312,21.5324,1.0732
2022-06-27,1.6305,1.6211,1.6305,1.6117,0.0,69381705,0.3685,21.5324,1.0732
2022-06-28,1.6211,1.6305,1.6305,1.6117,0.5814,60682256,0.3223,21.6576,1.0794
2022-06-29,1.6305,1.6117,1.6305,1.6117,-1.1561,81574101,0.4333,21.4072,1.0669
2022-06-30,1.6117,1.6023,1.6211,1.6023,-0.5848,60976149,0.3239,21.282,1.071
2022-07-01,1.6023,1.5928,1.6117,1.5928,-0.5882,35341271,0.1877,21.1569,1.0647
2022-07-04,1.5928,1.5928,1.6023,1.5834,0.0,40299188,0.214,21.1569,1.0647
2022-07-05,1.5928,1.6117,1.6211,1.5928,1.1834,92902527,0.4934,21.4072,1.0773
2022-07-06,1.6023,1.5928,1.6117,1.5834,-1.1696,75865943,0.4029,21.1569,1.0647
2022-07-07,1.5928,1.5928,1.6023,1.5834,0.0,34807584,0.1849,21.1569,1.0647
2022-07-08,1.5928,1.5928,1.6023,1.5928,0.0,27742621,0.1473,21.1569,1.0647
2022-07-11,1.5928,1.5928,1.6023,1.5834,0.0,49446982,0.2626,21.1569,1.0647
2022-07-12,1.5928,1.6023,1.6117,1.5834,0.5917,64333226,0.3417,21.282,1.071
2022-07-13,1.6023,1.6211,1.6305,1.5928,1.1765,89380993,0.4747,21.5324,1.0836
2022-07-14,1.6211,1.6023,1.6305,1.6023,-1.1628,51741680,0.2748,21.282,1.071
2022-07-15,1.6023,1.5834,1.6117,1.5834,-1.1765,61825176,0.3284,21.0317,1.0584
2022-07-18,1.5834,1.6211,1.6211,1.5834,2.381,79668543,0.4231,21.5324,1.0836
2022-07-19,1.6211,1.6117,1.6211,1.6023,-0.5814,42036236,0.2233,21.4072,1.0773
2022-07-20,1.6309,1.6405,1.6405,1.6213,1.7857,64273756,0.3414,21.4072,1.0773
2022-07-21,1.6405,1.6309,1.6501,1.6309,-0.5848,67800118,0.3601,21.282,1.071
2022-07-22,1.6405,1.6501,1.6596,1.6309,1.1765,82643944,0.4389,21.5324,1.0836
2022-07-25,1.6501,1.6405,1.6692,1.6405,-0.5814,84545162,0.449,21.4072,1.0773
2022-07-26,1.6405,1.6501,1.6501,1.6309,0.5848,46062999,0.2446,21.5324,1.0836
2022-07-27,1.6405,1.6309,1.6501,1.6309,-1.1628,28173159,0.1496,21.282,1.071
2022-07-28,1.6309,1.6213,1.6405,1.6213,-0.5882,44804798,0.238,21.1569,1.0647
2022-07-29,1.6309,1.6213,1.6309,1.6117,0.0,47384291,0.2517,21.1569,1.0647
2022-08-01,1.6213,1.6213,1.6309,1.6117,0.0,54833174,0.2912,21.1569,1.0647
2022-08-02,1.6117,1.5829,1.6117,1.5637,-2.3669,145211398,0.7712,20.6561,1.0395
2022-08-03,1.5733,1.5637,1.5925,1.5637,-1.2121,80736013,0.4288,20.4057,1.0269
2022-08-04,1.5733,1.5733,1.5733,1.5637,0.6135,47256848,0.251,20.5309,1.0332
2022-08-05,1.5733,1.5829,1.5829,1.5637,0.6098,45502793,0.2417,20.6561,1.0395
2022-08-08,1.5829,1.5829,1.5925,1.5733,0.0,25343428,0.1346,20.6561,1.0395
2022-08-09,1.5829,1.5829,1.5925,1.5733,0.0,32463926,0.1724,20.6561,1.0395
2022-08-10,1.5829,1.5733,1.5829,1.5637,-0.6061,43336794,0.2302,20.5309,1.0332
2022-08-11,1.5829,1.5925,1.6021,1.5733,1.2195,62327553,0.331,20.7813,1.0458
2022-08-12,1.5925,1.5925,1.6021,1.5829,0.0,34474121,0.1831,20.7813,1.0458
2022-08-15,1.5925,1.5925,1.6021,1.5829,0.0,39518447,0.2099,20.7813,1.0458
2022-08-16,1.5925,1.6021,1.6021,1.5829,0.6024,21505028,0.1142,20.9065,1.0521
2022-08-17,1.6021,1.6021,1.6117,1.5925,0.0,46141720,0.2451,20.9065,1.0521
2022-08-18,1.6021,1.5925,1.6117,1.5925,-0.5988,41094584,0.2183,20.7813,1.0458
2022-08-19,1.5925,1.5829,1.5925,1.5829,-0.6024,43410499,0.2306,20.6561,1.0395
2022-08-22,1.5829,1.6021,1.6021,1.5829,1.2121,36997165,0.1965,20.9065,1.0521
2022-08-23,1.5925,1.6117,1.6117,1.5925,0.5988,55753879,0.2961,21.0317,1.0584
2022-08-24,1.6117,1.5925,1.6309,1.5829,-1.1905,92805212,0.4929,20.7813,1.0458
2022-08-25,1.5925,1.6309,1.6405,1.5925,2.4096,124537692,0.6614,21.282,1.071
2022-08-26,1.6213,1.6117,1.6309,1.6021,-1.1765,60447002,0.321,21.0317,1.0584
2022-08-29,1.5925,1.6021,1.6117,1.5925,-0.5952,46733185,0.2482,20.9065,1.0521
2022-08-30,1.6021,1.6213,1.6213,1.6021,1.1976,64660213,0.3434,21.1569,1.0647
2022-08-31,1.6117,1.6021,1.6213,1.5829,-1.1834,96527415,0.5127,20.9065,1.0521
2022-09-01,1.5925,1.5829,1.6021,1.5829,-1.1976,52967357,0.2813,20.6561,1.0395
2022-09-02,1.5925,1.5925,1.6021,1.5829,0.6061,42894934,0.2278,20.7813,1.0458
2022-09-05,1.5925,1.6213,1.6309,1.5829,1.8072,79874859,0.4242,21.1569,1.0647
2022-09-06,1.6213,1.6309,1.6309,1.6117,0.5917,67650732,0.3593,21.282,1.071
2022-09-07,1.6213,1.6117,1.6213,1.6117,-1.1765,33944560,0.1803,21.0317,1.0584
2022-09-08,1.6213,1.6117,1.6213,1.6021,0.0,34698828,0.1843,21.0317,1.0584
2022-09-09,1.6117,1.6213,1.6405,1.6117,0.5952,69210336,0.3676,21.1569,1.0647
2022-09-13,1.6213,1.6213,1.6309,1.6117,0.0,36742038,0.1951,21.1569,1.0647
2022-09-14,1.6117,1.6213,1.6405,1.6021,0.0,95360927,0.5065,21.1569,1.0647
2022-09-15,1.6213,1.6021,1.6213,1.5925,-1.1834,81569643,0.4332,20.9065,1.0521
2022-09-16,1.5925,1.5637,1.6021,1.5637,-2.3952,90213349,0.4791,20.4057,1.0269
2022-09-19,1.5733,1.5637,1.5829,1.5541,0.0,64821644,0.3443,20.4057,1.0269
2022-09-20,1.5637,1.5733,1.5733,1.5541,0.6135,27284583,0.1449,20.5309,1.0332
2022-09-21,1.5637,1.5829,1.5925,1.5541,0.6098,67977632,0.361,20.6561,1.0395
2022-09-22,1.5829,1.5733,1.5925,1.5733,-0.6061,20136618,0.1069,20.5309,1.0332
2022-09-23,1.5733,1.5733,1.5829,1.5637,0.0,39566332,0.2101,20.5309,1.0332
2022-09-26,1.5733,1.5445,1.5733,1.5445,-1.8293,58288425,0.3096,20.1553,1.0143
2022-09-27,1.5445,1.5541,1.5637,1.5445,0.6211,37272335,0.198,20.2805,1.0206
2022-09-28,1.5541,1.5445,1.5637,1.5445,-0.6173,36682024,0.1948,20.1553,1.0143
2022-09-29,1.5541,1.5445,1.5637,1.5253,0.0,47534134,0.2525,20.1553,1.0143
2022-09-30,1.5349,1.5349,1.5445,1.5253,-0.6211,34528547,0.1834,20.0302,0.9975
2022-10-10,1.5349,1.5349,1.5541,1.5253,0.0,46151840,0.2451,20.0302,0.9975
2022-10-11,1.5349,1.5349,1.5445,1.5253,0.0,29377022,0.156,20.0302,0.9975
2022-10-12,1.5445,1.5541,1.5541,1.5253,1.25,45274780,0.2405,20.2805,1.01
2022-10-13,1.5445,1.5445,1.5541,1.5349,-0.6173,36612816,0.1945,20.1553,1.0037
2022-10-14,1.5445,1.5637,1.5637,1.5445,1.2422,39584596,0.2102,20.4057,1.0162
2022-10-17,1.5541,1.5637,1.5733,1.5445,0.0,42921879,0.228,20.4057,1.0162
2022-10-18,1.5733,1.5637,1.5733,1.5541,0.0,32397290,0.1721,20.4057,1.0162
2022-10-19,1.5541,1.5733,1.5925,1.5541,0.6135,81099710,0.4307,20.5309,1.0224
2022-10-20,1.5637,1.5541,1.5733,1.5445,-1.2195,61846869,0.3285,20.2805,1.01
2022-10-21,1.5541,1.5445,1.5637,1.5445,-0.6173,23892607,0.1269,20.1553,1.0037
2022-10-24,1.5541,1.5349,1.5637,1.5349,-0.6211,40987972,0.2177,20.0302,0.9975
2022-10-25,1.5349,1.5445,1.5541,1.5349,0.625,47516297,0.2524,20.1553,1.0037
2022-10-26,1.5445,1.5445,1.5637,1.5349,0.0,43905292,0.2332,20.1553,1.0037
2022-10-27,1.5541,1.5445,1.5541,1.5445,0.0,24983890,0.1327,20.1553,1.0037
2022-10-28,1.5445,1.5253,1.5541,1.5253,-1.2422,44233563,0.2349,19.905,0.9913
2022-10-31,1.5349,1.5253,1.5349,1.5157,0.0,49574337,0.2633,19.905,0.9913
2022-11-01,1.5253,1.5445,1.5445,1.5253,1.2579,45181095,0.24,20.1553,1.0037
2022-11-02,1.5349,1.5445,1.5541,1.5349,0.0,44368235,0.2356,20.1553,1.0037
2022-11-03,1.5445,1.5445,1.5445,1.5349,0.0,21068857,0.1119,20.1553,1.0037
2022-11-04,1.5445,1.5541,1.5637,1.5349,0.6211,51480318,0.2734,20.2805,1.01
2022-11-07,1.5541,1.5541,1.5637,1.5445,0.0,42994039,0.2283,20.2805,1.01
2022-11-08,1.5637,1.5541,1.5637,1.5445,0.0,25245931,0.1341,20.2805,1.01
2022-11-09,1.5541,1.5541,1.5637,1.5445,0.0,33763593,0.1793,20.2805,1.01
2022-11-10,1.5541,1.5541,1.5637,1.5445,0.0,24070948,0.1278,20.2805,1.01
2022-11-11,1.5637,1.5637,1.5733,1.5541,0.6173,64561272,0.3429,20.4057,1.0162
2022-11-14,1.5637,1.5637,1.5733,1.5541,0.0,45093471,0.2395,20.4057,1.0162
2022-11-15,1.5637,1.5733,1.5733,1.5541,0.6135,41777636,0.2219,20.5309,1.0224
2022-11-16,1.5733,1.5637,1.5733,1.5541,-0.6098,37515154,0.1992,20.4057,1.0162
2022-11-17,1.5637,1.5733,1.5733,1.5541,0.6135,28284263,0.1502,20.5309,1.0224
2022-11-18,1.5733,1.5637,1.5733,1.5541,-0.6098,51361019,0.2728,20.4057,1.0162
2022-11-21,1.5637,1.5637,1.5733,1.5541,0.0,36431947,0.1935,20.4057,1.0162
2022-11-22,1.5637,1.5733,1.5925,1.5541,0.6135,93189167,0.4949,20.5309,1.0224
2022-11-23,1.5733,1.5733,1.5925,1.5637,0.0,121101572,0.6432,20.5309,1.0224
2022-11-24,1.5829,1.5733,1.5829,1.5637,0.0,48970262,0.2601,20.5309,1.0224
2022-11-25,1.5733,1.5829,1.5925,1.5637,0.6098,68260286,0.3625,20.6561,1.0287
2022-11-28,1.5733,1.5733,1.5829,1.5541,-0.6061,82585881,0.4386,20.5309,1.0224
2022-11-29,1.5733,1.5829,1.5925,1.5637,0.6098,78858749,0.4188,20.6561,1.0287
2022-11-30,1.5829,1.5733,1.5925,1.5733,-0.6061,100911755,0.536,20.5309,1.0224
2022-12-01,1.5829,1.5733,1.5925,1.5733,0.0,68137044,0.3619,20.5309,1.0224
2022-12-02,1.5733,1.5733,1.5829,1.5733,0.0,35577035,0.189,20.5309,1.0224
2022-12-05,1.5733,1.6117,1.6117,1.5733,2.439,165940006,0.8813,21.0317,1.0474
2022-12-06,1.6021,1.5925,1.6021,1.5829,-1.1905,83222420,0.442,20.7813,1.0349
2022-12-07,1.5925,1.5829,1.6021,1.5829,-0.6024,74375318,0.395,20.6561,1.0287
2022-12-08,1.5925,1.5925,1.6213,1.5829,0.6061,129932478,0.6901,20.7813,1.0349
2022-12-09,1.6021,1.5925,1.6021,1.5733,0.0,104734453,0.5563,20.7813,1.0349
2022-12-12,1.5925,1.5637,1.5925,1.5637,-1.8072,82776510,0.4396,20.4057,1.0162
2022-12-13,1.5637,1.5733,1.5829,1.5637,0.6135,74372086,0.395,20.5309,1.0224
2022-12-14,1.5829,1.5637,1.5829,1.5637,-0.6098,31138571,0.1654,20.4057,1.0162
2022-12-15,1.5733,1.5637,1.5733,1.5541,0.0,43609260,0.2316,20.4057,1.0162
2022-12-16,1.5541,1.5637,1.5637,1.5445,0.0,77041847,0.4092,20.4057,1.0162
2022-12-19,1.5541,1.5445,1.5637,1.5445,-1.227,65239088,0.3465,20.1553,1.0037
2022-12-20,1.5445,1.5445,1.5541,1.5349,0.0,44976313,0.2389,20.1553,1.0037
2022-12-21,1.5349,1.5349,1.5541,1.5349,-0.6211,41570915,0.2208,20.0302,0.9975
2022-12-22,1.5445,1.5349,1.5541,1.5349,0.0,53273057,0.2829,20.0302,0.9975
2022-12-23,1.5349,1.5349,1.5445,1.5253,0.0,37690974,0.2002,20.0302,0.9975
2022-12-26,1.5349,1.5349,1.5445,1.5253,0.0,28128904,0.1494,20.0302,0.9975
2022-12-27,1.5349,1.5541,1.5637,1.5349,1.25,81041723,0.4304,20.2805,1.01
2022-12-28,1.5541,1.5349,1.5637,1.5349,-1.2346,46010809,0.2444,20.0302,0.9975
2022-12-29,1.5349,1.5349,1.5445,1.5253,0.0,51286125,0.2724,20.0302,0.9975
2022-12-30,1.5349,1.5541,1.5637,1.5349,1.25,86985906,0.462,20.2805,1.01
2023-01-03,1.5541,1.5541,1.5637,1.5445,0.0,53093306,0.282,30.3649,1.0055
2023-01-04,1.5541,1.5445,1.5637,1.5445,-0.6173,43269649,0.2298,30.1775,0.9993
2023-01-05,1.5541,1.5541,1.5637,1.5445,0.6211,48020066,0.255,30.3649,1.0055
2023-01-06,1.5541,1.5541,1.5541,1.5445,0.0,22322029,0.1186,30.3649,1.0055
2023-01-09,1.5541,1.5541,1.5541,1.5445,0.0,26866426,0.1427,30.3649,1.0055
2023-01-10,1.5541,1.5349,1.5541,1.5349,-1.2346,41483921,0.2203,29.99,0.9931
2023-01-11,1.5349,1.5349,1.5445,1.5349,0.0,23079705,0.1226,29.99,0.9931
2023-01-12,1.5349,1.5349,1.5445,1.5253,0.0,47760346,0.2537,29.99,0.9931
2023-01-13,1.5349,1.5349,1.5445,1.5253,0.0,29780971,0.1582,29.99,0.9931
2023-01-16,1.5349,1.5445,1.5541,1.5349,0.625,53738132,0.2854,30.1775,0.9993
2023-01-17,1.5445,1.5349,1.5445,1.5349,-0.6211,22512606,0.1196,29.99,0.9931
2023-01-18,1.5349,1.5445,1.5541,1.5349,0.625,37838711,0.201,30.1775,0.9993
2023-01-19,1.5541,1.5445,1.5541,1.5349,0.0,22324486,0.1186,30.1775,0.9993
2023-01-20,1.5445,1.5637,1.5637,1.5445,1.2422,56536721,0.3003,30.5524,1.0117
2023-01-30,1.5637,1.5541,1.5733,1.5541,-0.6135,58426085,0.3103,30.3649,1.0055
2023-01-31,1.5637,1.5637,1.5637,1.5541,0.6173,32811760,0.1743,30.5524,1.0117
2023-02-01,1.5637,1.5733,1.5733,1.5541,0.6135,52099415,0.2767,30.7398,1.0179
2023-02-02,1.5637,1.5733,1.5733,1.5637,0.0,32430797,0.1722,30.7398,1.0179
2023-02-03,1.5733,1.5637,1.5733,1.5541,-0.6098,27027283,0.1435,30.5524,1.0117
2023-02-06,1.5637,1.5637,1.5733,1.5541,0.0,52465885,0.2787,30.5524,1.0117
2023-02-07,1.5637,1.5637,1.5637,1.5541,0.0,29684405,0.1577,30.5524,1.0117
2023-02-08,1.5637,1.5541,1.5733,1.5541,-0.6135,29518715,0.1568,30.3649,1.0055
2023-02-09,1.5637,1.5541,1.5637,1.5541,0.0,32875391,0.1746,30.3649,1.0055
2023-02-10,1.5541,1.5637,1.5637,1.5541,0.6173,29985550,0.1593,30.5524,1.0117
2023-02-13,1.5637,1.5637,1.5733,1.5541,0.0,52226938,0.2774,30.5524,1.0117
2023-02-14,1.5637,1.5637,1.5733,1.5541,0.0,35939745,0.1909,30.5524,1.0117
2023-02-15,1.5637,1.5541,1.5637,1.5541,-0.6135,24078328,0.1279,30.3649,1.0055
2023-02-16,1.5637,1.5541,1.5733,1.5541,0.0,68917635,0.366,30.3649,1.0055
2023-02-17,1.5541,1.5541,1.5637,1.5445,0.0,40741791,0.2164,30.3649,1.0055
2023-02-20,1.5541,1.5637,1.5637,1.5445,0.6173,30165325,0.1602,30.5524,1.0117
2023-02-21,1.5637,1.5637,1.5733,1.5541,0.0,71457725,0.3795,30.5524,1.0117
2023-02-22,1.5637,1.5541,1.5637,1.5541,-0.6135,26099873,0.1386,30.3649,1.0055
2023-02-23,1.5637,1.5541,1.5637,1.5541,0.0,24276326,0.1289,30.3649,1.0055
2023-02-24,1.5637,1.5541,1.5637,1.5541,0.0,40138578,0.2132,30.3649,1.0055
2023-02-27,1.5541,1.5445,1.5541,1.5445,-0.6173,25916903,0.1376,30.1775,0.9993
2023-02-28,1.5541,1.5541,1.5637,1.5445,0.6211,40683288,0.2161,30.3649,1.0055
2023-03-01,1.5637,1.5637,1.5637,1.5541,0.6173,24454089,0.1299,30.5524,1.0117
2023-03-02,1.5637,1.5637,1.5733,1.5541,0.0,73575284,0.3908,30.5524,1.0117
2023-03-03,1.5733,1.5733,1.5829,1.5637,0.6135,97623638,0.5185,30.7398,1.0179
2023-03-06,1.5829,1.5733,1.5829,1.5637,0.0,44122872,0.2343,30.7398,1.0179
2023-03-07,1.5733,1.5637,1.5829,1.5541,-0.6098,111639825,0.5929,30.5524,1.0117
2023-03-08,1.5541,1.5637,1.5637,1.5541,0.0,34353236,0.1825,30.5524,1.0117
2023-03-09,1.5637,1.5637,1.5733,1.5541,0.0,38553155,0.2048,30.5524,1.0117
2023-03-10,1.5637,1.5637,1.5733,1.5541,0.0,50891770,0.2703,30.5524,1.0117
2023-03-13,1.5637,1.5637,1.5733,1.5541,0.0,59835992,0.3178,30.5524,1.0117
2023-03-14,1.5637,1.5541,1.5733,1.5541,-0.6135,46804279,0.2486,30.3649,1.0055
2023-03-15,1.5637,1.5733,1.5925,1.5541,1.2346,198199823,1.0527,30.7398,1.0179
2023-03-16,1.5733,1.5829,1.6213,1.5733,0.6098,217059279,1.1528,30.9272,1.0241
2023-03-17,1.5829,1.5829,1.5925,1.5733,0.0,122346736,0.6498,30.9272,1.0241
2023-03-20,1.5829,1.5733,1.6117,1.5733,-0.6061,152957155,0.8124,30.7398,1.0179
2023-03-21,1.5733,1.5829,1.5925,1.5733,0.6098,74696421,0.3967,30.9272,1.0241
2023-03-22,1.5829,1.5637,1.5829,1.5637,-1.2121,91181691,0.4843,30.5524,1.0117
2023-03-23,1.5637,1.5637,1.5733,1.5541,0.0,64566134,0.3429,30.5524,1.0117
2023-03-24,1.5733,1.5637,1.5733,1.5541,0.0,50753801,0.2696,30.5524,1.0117
2023-03-27,1.5637,1.5541,1.5637,1.5541,-0.6135,56083635,0.2979,30.3649,1.0055
2023-03-28,1.5541,1.5445,1.5637,1.5445,-0.6173,52678435,0.2798,30.1775,0.9993
2023-03-29,1.5541,1.5445,1.5541,1.5349,0.0,63391031,0.3367,30.1775,0.9993
2023-03-30,1.5445,1.5349,1.5445,1.5253,-0.6211,83915573,0.4457,29.99,0.9931
2023-03-31,1.5349,1.5349,1.5445,1.5349,0.0,39776942,0.2113,29.99,0.9827
2023-04-03,1.5445,1.5349,1.5541,1.5349,0.0,63974068,0.3398,29.99,0.9827
2023-04-04,1.5445,1.5445,1.5541,1.5349,0.625,59546019,0.3163,30.1775,0.9888
2023-04-06,1.5445,1.5445,1.5541,1.5349,0.0,44802860,0.238,30.1775,0.9888
2023-04-07,1.5349,1.5445,1.5445,1.5349,0.0,28171234,0.1496,30.1775,0.9888
2023-04-10,1.5349,1.5445,1.5445,1.5349,0.0,35031065,0.1861,30.1775,0.9888
2023-04-11,1.5445,1.5349,1.5445,1.5349,-0.6211,36887546,0.1959,29.99,0.9827
2023-04-12,1.5445,1.5445,1.5541,1.5349,0.625,74049172,0.3933,30.1775,0.9888
2023-04-13,1.5445,1.5445,1.5541,1.5349,0.0,48791679,0.2591,30.1775,0.9888
2023-04-14,1.5445,1.5445,1.5541,1.5445,0.0,25899152,0.1376,30.1775,0.9888
2023-04-17,1.5445,1.5445,1.5541,1.5445,0.0,30389335,0.1614,30.1775,0.9888
2023-04-18,1.5541,1.5445,1.5541,1.5445,0.0,29523833,0.1568,30.1775,0.9888
2023-04-19,1.5445,1.5445,1.5541,1.5445,0.0,26626544,0.1414,30.1775,0.9888
2023-04-20,1.5541,1.5445,1.5541,1.5349,0.0,66917934,0.3554,30.1775,0.9888
2023-04-21,1.5445,1.5349,1.5541,1.5349,-0.6211,68666531,0.3647,29.99,0.9827
2023-04-24,1.5349,1.5349,1.5445,1.5253,0.0,78160730,0.4151,29.99,0.9827
2023-04-25,1.5349,1.5349,1.5445,1.5253,0.0,57281488,0.3042,29.99,0.9827
2023-04-26,1.5349,1.5349,1.5445,1.5253,0.0,31140586,0.1654,29.99,0.9827
2023-04-27,1.5445,1.5445,1.5445,1.5349,0.625,32858996,0.1745,30.1775,0.9888
2023-04-28,1.5445,1.5541,1.5637,1.5349,0.6211,107968776,0.5734,30.3649,0.995
2023-05-04,1.5541,1.5925,1.6117,1.5445,2.4691,234779586,1.2469,31.1147,1.0195
2023-05-05,1.5829,1.5829,1.6021,1.5637,-0.6024,159499383,0.8471,30.9272,1.0134
2023-05-08,1.5829,1.6117,1.6309,1.5733,1.8182,250447178,1.3302,31.4895,1.0318
2023-05-09,1.6213,1.6021,1.6405,1.5925,-0.5952,303548568,1.6122,31.3021,1.0257
2023-05-10,1.5925,1.5829,1.6117,1.5733,-1.1976,172074669,0.9139,30.9272,1.0134
2023-05-11,1.5829,1.5829,1.6021,1.5829,0.0,106110307,0.5636,30.9272,1.0134
2023-05-12,1.5925,1.5733,1.5925,1.5733,-0.6061,95283035,0.5061,30.7398,1.0072
2023-05-15,1.5829,1.5829,1.5925,1.5637,0.6098,143541503,0.7624,30.9272,1.0134
2023-05-16,1.5829,1.5637,1.5925,1.5541,-1.2121,110856510,0.5888,30.5524,1.0011
2023-05-17,1.5637,1.5637,1.5733,1.5445,0.0,99807255,0.5301,30.5524,1.0011
2023-05-18,1.5637,1.5541,1.5733,1.5445,-0.6135,117997195,0.6267,30.3649,0.995
2023-05-19,1.5541,1.5445,1.5541,1.5445,-0.6173,72636786,0.3858,30.1775,0.9888
2023-05-22,1.5541,1.5445,1.5541,1.5349,0.0,76753182,0.4076,30.1775,0.9888
2023-05-23,1.5445,1.5349,1.5445,1.5349,-0.6211,83561310,0.4438,29.99,0.9827
2023-05-24,1.5349,1.5253,1.5349,1.5157,-0.625,136197887,0.7234,29.8026,0.9765
2023-05-25,1.5253,1.5157,1.5253,1.5062,-0.6289,124871109,0.6632,29.6152,0.9704
2023-05-26,1.5062,1.5253,1.5253,1.5062,0.6329,48062139,0.2553,29.8026,0.9765
2023-05-29,1.5253,1.5062,1.5253,1.5062,-1.2579,49891672,0.265,29.4277,0.9642
2023-05-30,1.5157,1.5157,1.5157,1.4966,0.6369,82317472,0.4372,29.6152,0.9704
2023-05-31,1.5062,1.5062,1.5157,1.4966,-0.6329,51996202,0.2762,29.4277,0.9642
2023-06-01,1.5062,1.5062,1.5157,1.4966,0.0,27944210,0.1484,29.4277,0.9642
2023-06-02,1.5157,1.5253,1.5349,1.5157,1.2739,88765258,0.4714,29.8026,0.9765
2023-06-05,1.5253,1.5157,1.5349,1.5157,-0.6289,51063898,0.2712,29.6152,0.9704
2023-06-06,1.5157,1.5062,1.5253,1.4966,-0.6329,56684046,0.3011,29.4277,0.9642
2023-06-07,1.5062,1.5062,1.5157,1.4966,0.0,30279138,0.1608,29.4277,0.9642
2023-06-08,1.5157,1.5157,1.5253,1.5062,0.6369,43486704,0.231,29.6152,0.9704
2023-06-09,1.5157,1.5157,1.5253,1.5062,0.0,39077925,0.2075,29.6152,0.9704
2023-06-12,1.5157,1.5157,1.5253,1.5062,0.0,30023964,0.1595,29.6152,0.9704
2023-06-13,1.5157,1.5157,1.5253,1.5062,0.0,36879638,0.1959,29.6152,0.9704
2023-06-14,1.5157,1.5157,1.5157,1.5062,0.0,25106109,0.1333,29.6152,0.9704
2023-06-15,1.5062,1.5157,1.5157,1.5062,0.0,37227476,0.1977,29.6152,0.9704
2023-06-16,1.5157,1.5157,1.5253,1.5062,0.0,39997486,0.2124,29.6152,0.9704
2023-06-19,1.5157,1.5062,1.5253,1.5062,-0.6329,40770278,0.2165,29.4277,0.9642
2023-06-20,1.5157,1.5062,1.5157,1.4966,0.0,47538979,0.2525,29.4277,0.9642
2023-06-21,1.5062,1.5062,1.5062,1.4966,0.0,27635127,0.1468,29.4277,0.9642
2023-06-26,1.5062,1.487,1.5062,1.4774,-1.2739,78602907,0.4175,29.0529,0.952
2023-06-27,1.487,1.487,1.4966,1.4774,0.0,37133720,0.1972,29.0529,0.952
2023-06-28,1.4966,1.487,1.4966,1.4774,0.0,38077561,0.2022,29.0529,0.952
2023-06-29,1.487,1.487,1.4966,1.487,0.0,22449423,0.1192,29.0529,0.952
2023-06-30,1.487,1.4966,1.5157,1.487,0.6452,77381520,0.411,29.2403,0.9617
2023-07-03,1.5062,1.5062,1.5157,1.4966,0.641,42205609,0.2242,29.4277,0.9678
2023-07-04,1.5062,1.5062,1.5157,1.4966,0.0,42854413,0.2276,29.4277,0.9678
2023-07-05,1.5159,1.5062,1.5159,1.5062,0.0,29293171,0.1556,29.0529,0.9555
2023-07-06,1.5062,1.5062,1.5159,1.5062,0.0,26795733,0.1423,29.0529,0.9555
2023-07-07,1.5062,1.5062,1.5159,1.5062,0.0,25135977,0.1335,29.0529,0.9555
2023-07-10,1.5062,1.5062,1.5159,1.5062,0.0,21631281,0.1149,29.0529,0.9555
2023-07-11,1.5062,1.5159,1.5159,1.5062,0.6452,12655223,0.0672,29.2403,0.9617
2023-07-12,1.5159,1.5062,1.5159,1.4964,-0.641,27040792,0.1436,29.0529,0.9555
2023-07-13,1.5062,1.5062,1.5159,1.4964,0.0,23543325,0.125,29.0529,0.9555
2023-07-14,1.5159,1.5062,1.5159,1.5062,0.0,17811801,0.0946,29.0529,0.9555
2023-07-17,1.5062,1.5062,1.5159,1.4964,0.0,28972569,0.1539,29.0529,0.9555
2023-07-18,1.5062,1.5062,1.5159,1.4964,0.0,26545944,0.141,29.0529,0.9555
2023-07-19,1.5062,1.5159,1.5159,1.4964,0.6452,25199055,0.1338,29.2403,0.9617
2023-07-20,1.5062,1.5256,1.5256,1.5062,0.641,79785466,0.4238,29.4277,0.9678
2023-07-21,1.5159,1.545,1.5547,1.5062,1.2739,135828051,0.7214,29.8026,0.9802
2023-07-24,1.545,1.5645,1.5839,1.545,1.2579,159334354,0.8462,30.1775,0.9925
2023-07-25,1.5645,1.5645,1.5742,1.5547,0.0,67714668,0.3596,30.1775,0.9925
2023-07-26,1.5645,1.5936,1.5936,1.5547,1.8634,117087500,0.6219,30.7398,1.011
2023-07-27,1.5839,1.5742,1.5936,1.5645,-1.2195,81043903,0.4304,30.3649,0.9987
2023-07-28,1.5742,1.5936,1.6033,1.5645,1.2346,106176657,0.5639,30.7398,1.011
2023-07-31,1.5936,1.6033,1.6033,1.5839,0.6098,101493768,0.539,30.9272,1.0172
2023-08-01,1.6033,1.6228,1.6325,1.5936,1.2121,170466607,0.9054,31.3021,1.0295
2023-08-02,1.6228,1.5936,1.6228,1.5839,-1.7964,109366131,0.5809,30.7398,1.011
2023-08-03,1.5936,1.6033,1.613,1.5742,0.6098,94709029,0.503,30.9272,1.0172
2023-08-04,1.6033,1.5936,1.6228,1.5839,-0.6061,80083636,0.4253,30.7398,1.011
2023-08-07,1.5936,1.5839,1.5936,1.5742,-0.6098,58315887,0.3097,30.5524,1.0048
2023-08-08,1.5839,1.5839,1.5839,1.5742,0.0,33409378,0.1774,30.5524,1.0048
2023-08-09,1.5742,1.5742,1.5839,1.5645,-0.6135,40577086,0.2155,30.3649,0.9987
2023-08-10,1.5742,1.5839,1.5936,1.5645,0.6173,60999085,0.324,30.5524,1.0048
2023-08-11,1.5839,1.5547,1.5839,1.5547,-1.8405,67542351,0.3587,29.99,0.9863
2023-08-14,1.5547,1.5547,1.5645,1.545,0.0,37065397,0.1969,29.99,0.9863
2023-08-15,1.5645,1.5645,1.5742,1.5547,0.625,57828802,0.3071,30.1775,0.9925
2023-08-16,1.5547,1.5645,1.5742,1.5547,0.0,35953853,0.191,30.1775,0.9925
2023-08-17,1.5645,1.5645,1.5742,1.5547,0.0,33907395,0.1801,30.1775,0.9925
2023-08-18,1.5645,1.5742,1.5936,1.5547,0.6211,80963933,0.43,30.3649,0.9987
2023-08-21,1.5742,1.5547,1.5936,1.5547,-1.2346,70698468,0.3755,29.99,0.9863
2023-08-22,1.5547,1.5547,1.5645,1.545,0.0,73403343,0.3899,29.99,0.9863
2023-08-23,1.5547,1.545,1.5645,1.5353,-0.625,49866071,0.2648,29.8026,0.9802
2023-08-24,1.5353,1.5256,1.545,1.5159,-1.2579,60561117,0.3216,29.4277,0.9678
2023-08-25,1.5159,1.5256,1.545,1.5159,0.0,60198191,0.3197,29.4277,0.9678
2023-08-28,1.5742,1.5353,1.5839,1.5353,0.6369,74107938,0.3936,29.6152,0.974
2023-08-29,1.5353,1.5547,1.5547,1.5353,1.2658,56129359,0.2981,29.99,0.9863
2023-08-30,1.5547,1.5353,1.5547,1.5256,-1.25,55134539,0.2928,29.6152,0.974
2023-08-31,1.5353,1.5353,1.545,1.5256,0.0,38480150,0.2044,29.6152,0.974
2023-09-01,1.5353,1.545,1.5547,1.5256,0.6329,44014975,0.2338,29.8026,0.9802
2023-09-04,1.545,1.5547,1.5645,1.5353,0.6289,75343996,0.4002,29.99,0.9863
2023-09-05,1.5547,1.545,1.5547,1.5353,-0.625,43759449,0.2324,29.8026,0.9802
2023-09-06,1.5353,1.5353,1.545,1.5256,-0.6289,42203226,0.2241,29.6152,0.974
2023-09-07,1.545,1.5256,1.545,1.5256,-0.6329,39116790,0.2078,29.4277,0.9678
2023-09-08,1.5256,1.5256,1.5353,1.5256,0.0,21547040,0.1144,29.4277,0.9678
2023-09-11,1.5353,1.5353,1.545,1.5256,0.6369,43935071,0.2333,29.6152,0.974
2023-09-12,1.5353,1.5353,1.545,1.5256,0.0,41676754,0.2214,29.6152,0.974
2023-09-13,1.545,1.5353,1.545,1.5256,0.0,24588378,0.1306,29.6152,0.974
2023-09-14,1.5256,1.545,1.545,1.5256,0.6329,47350506,0.2515,29.8026,0.9802
2023-09-15,1.545,1.5353,1.545,1.5256,-0.6289,43987089,0.2336,29.6152,0.974
2023-09-18,1.545,1.545,1.545,1.5256,0.6329,37315801,0.1982,29.8026,0.9802
2023-09-19,1.5353,1.5547,1.5547,1.5353,0.6289,76600223,0.4068,29.99,0.9863
2023-09-20,1.5547,1.545,1.5547,1.5353,-0.625,38245385,0.2031,29.8026,0.9802
2023-09-21,1.5353,1.5256,1.545,1.5256,-1.2579,69478634,0.369,29.4277,0.9678
2023-09-22,1.5256,1.5256,1.5353,1.5159,0.0,63254402,0.336,29.4277,0.9678
2023-09-25,1.5256,1.5159,1.5353,1.5159,-0.6369,51714731,0.2747,29.2403,0.9617
2023-09-26,1.5256,1.5256,1.5353,1.5159,0.641,42145243,0.2238,29.4277,0.9678
2023-09-27,1.5353,1.5256,1.5353,1.5256,0.0,28644774,0.1521,29.4277,0.9678
2023-09-28,1.5256,1.5256,1.5353,1.5159,0.0,38223037,0.203,29.4277,0.9678
2023-10-09,1.5256,1.5159,1.5353,1.5159,-0.6369,35495127,0.1885,29.2403,0.9504
2023-10-10,1.5159,1.5062,1.5256,1.5062,-0.641,52830200,0.2806,29.0529,0.9443
2023-10-11,1.5159,1.5062,1.5159,1.5062,0.0,37285808,0.198,29.0529,0.9443
2023-10-12,1.5159,1.5159,1.5256,1.5062,0.6452,32991809,0.1752,29.2403,0.9504
2023-10-13,1.5159,1.5062,1.5256,1.5062,-0.641,44929199,0.2386,29.0529,0.9443
2023-10-16,1.5159,1.5159,1.5159,1.5062,0.6452,29486455,0.1566,29.2403,0.9504
2023-10-17,1.5062,1.5159,1.5256,1.5062,0.0,34845244,0.1851,29.2403,0.9504
2023-10-18,1.5159,1.5159,1.5159,1.5062,0.0,28510933,0.1514,29.2403,0.9504
2023-10-19,1.5062,1.4867,1.5159,1.477,-1.9231,80848679,0.4294,28.678,0.9321
2023-10-20,1.4867,1.477,1.4964,1.477,-0.6536,48863279,0.2595,28.4905,0.926
2023-10-23,1.4867,1.4479,1.4867,1.4479,-1.9737,74086225,0.3935,27.9282,0.9078
2023-10-24,1.4479,1.4284,1.4576,1.3993,-1.3423,100119969,0.5318,27.5534,0.8956
2023-10-25,1.4381,1.4479,1.4576,1.4284,1.3605,55916280,0.297,27.9282,0.9078
2023-10-26,1.4381,1.4381,1.4479,1.4284,-0.6711,35175664,0.1868,27.7408,0.9017
2023-10-27,1.4479,1.4673,1.4673,1.4381,2.027,46743175,0.2483,28.3031,0.9199
2023-10-30,1.4673,1.477,1.4867,1.4576,0.6623,55689497,0.2958,28.4905,0.926
2023-10-31,1.4867,1.4673,1.4867,1.4576,-0.6579,41822384,0.2221,28.3031,0.9199
2023-11-01,1.4673,1.4673,1.477,1.4576,0.0,24685851,0.1311,28.3031,0.9199
2023-11-02,1.4673,1.4673,1.477,1.4576,0.0,29640801,0.1574,28.3031,0.9199
2023-11-03,1.4673,1.4673,1.477,1.4576,0.0,23119927,0.1228,28.3031,0.9199
2023-11-06,1.4673,1.4673,1.477,1.4576,0.0,45702229,0.2427,28.3031,0.9199
2023-11-07,1.4673,1.4673,1.477,1.4673,0.0,18545663,0.0985,28.3031,0.9199
2023-11-08,1.4673,1.4576,1.4673,1.4576,-0.6623,33406684,0.1774,28.1157,0.9139
2023-11-09,1.4576,1.4576,1.4673,1.4479,0.0,25716826,0.1366,28.1157,0.9139
2023-11-10,1.4479,1.4479,1.4576,1.4479,-0.6667,27997095,0.1487,27.9282,0.9078
2023-11-13,1.4479,1.4576,1.4576,1.4381,0.6711,31725473,0.1685,28.1157,0.9139
2023-11-14,1.4479,1.4576,1.4673,1.4479,0.0,35957843,0.191,28.1157,0.9139
2023-11-15,1.4673,1.4576,1.4673,1.4576,0.0,20983838,0.1114,28.1157,0.9139
2023-11-16,1.4673,1.4576,1.4673,1.4479,0.0,29427742,0.1563,28.1157,0.9139
2023-11-17,1.4576,1.4479,1.4576,1.4479,-0.6667,16883098,0.0897,27.9282,0.9078
2023-11-20,1.4576,1.4576,1.4673,1.4479,0.6711,35506916,0.1886,28.1157,0.9139
2023-11-21,1.4673,1.4673,1.477,1.4576,0.6667,52074299,0.2766,28.3031,0.9199
2023-11-22,1.4673,1.4576,1.4673,1.4576,-0.6623,20562505,0.1092,28.1157,0.9139
2023-11-23,1.4576,1.4576,1.4673,1.4479,0.0,34187145,0.1816,28.1157,0.9139
2023-11-24,1.4673,1.4673,1.4673,1.4576,0.6667,30612678,0.1626,28.3031,0.9199
2023-11-27,1.4576,1.4673,1.4673,1.4576,0.0,30368765,0.1613,28.3031,0.9199
2023-11-28,1.4576,1.4673,1.477,1.4576,0.0,52402277,0.2783,28.3031,0.9199
2023-11-29,1.4673,1.4576,1.477,1.4576,-0.6623,25939423,0.1378,28.1157,0.9139
2023-11-30,1.4673,1.4576,1.4673,1.4576,0.0,23678047,0.1258,28.1157,0.9139
2023-12-01,1.4673,1.4576,1.4673,1.4576,0.0,19407351,0.1031,28.1157,0.9139
2023-12-04,1.4673,1.4576,1.4673,1.4576,0.0,32196016,0.171,28.1157,0.9139
2023-12-05,1.4576,1.4479,1.4673,1.4479,-0.6667,36992097,0.1965,27.9282,0.9078
2023-12-06,1.4479,1.4479,1.4576,1.4381,0.0,29935487,0.159,27.9282,0.9078
2023-12-07,1.4479,1.4479,1.4576,1.4381,0.0,37018232,0.1966,27.9282,0.9078
2023-12-08,1.4479,1.4479,1.4576,1.4381,0.0,27997845,0.1487,27.9282,0.9078
2023-12-11,1.4479,1.4479,1.4576,1.4284,0.0,50012190,0.2656,27.9282,0.9078
2023-12-12,1.4479,1.4576,1.4576,1.4381,0.6711,26501896,0.1408,28.1157,0.9139
2023-12-13,1.4479,1.4479,1.4576,1.4479,-0.6667,22656668,0.1203,27.9282,0.9078
2023-12-14,1.4576,1.4381,1.4576,1.4381,-0.6711,25132360,0.1335,27.7408,0.9017
2023-12-15,1.4479,1.4381,1.4479,1.4381,0.0,28554911,0.1517,27.7408,0.9017
2023-12-18,1.4381,1.4381,1.4479,1.4381,0.0,30060941,0.1597,27.7408,0.9017
2023-12-19,1.4381,1.4381,1.4479,1.4284,0.0,33647179,0.1787,27.7408,0.9017
2023-12-20,1.4381,1.4284,1.4479,1.4284,-0.6757,25072808,0.1332,27.5534,0.8956
2023-12-21,1.4284,1.4187,1.4381,1.3993,-0.6803,58254534,0.3094,27.3659,0.8895
2023-12-22,1.4187,1.4187,1.4284,1.409,0.0,45432103,0.2413,27.3659,0.8895
2023-12-25,1.4187,1.409,1.4187,1.409,-0.6849,18920568,0.1005,27.1785,0.8834
2023-12-26,1.409,1.3993,1.4187,1.3993,-0.6897,25030127,0.1329,26.991,0.8773
2023-12-27,1.3993,1.3896,1.409,1.3798,-0.6944,45786192,0.2432,26.8036,0.8712
2023-12-28,1.3896,1.3993,1.4187,1.3798,0.6993,48061412,0.2553,26.991,0.8773
2023-12-29,1.409,1.409,1.409,1.3993,0.6944,17263677,0.0917,27.1785,0.8834
2024-01-02,1.409,1.409,1.4187,1.3993,0.0,33517315,0.178,25.8961,0.8783
2024-01-03,1.409,1.4187,1.4187,1.3993,0.6897,18362817,0.0975,26.0747,0.8843
2024-01-04,1.409,1.4187,1.4187,1.3993,0.0,32673622,0.1735,26.0747,0.8843
2024-01-05,1.409,1.3993,1.4187,1.3993,-1.3699,31224294,0.1658,25.7175,0.8722
2024-01-08,1.3993,1.3798,1.409,1.3798,-1.3889,56020617,0.2975,25.3603,0.8601
2024-01-09,1.3798,1.3896,1.3993,1.3798,0.7042,38289298,0.2034,25.5389,0.8662
2024-01-10,1.3896,1.3798,1.3993,1.3798,-0.6993,28340874,0.1505,25.3603,0.8601
2024-01-11,1.3798,1.3993,1.409,1.3798,1.4085,39837586,0.2116,25.7175,0.8722
2024-01-12,1.3896,1.3993,1.409,1.3896,0.0,31514077,0.1674,25.7175,0.8722
2024-01-15,1.3993,1.409,1.409,1.3993,0.6944,19845410,0.1054,25.8961,0.8783
2024-01-16,1.3993,1.3993,1.409,1.3896,-0.6897,36515687,0.1939,25.7175,0.8722
2024-01-17,1.3993,1.3798,1.409,1.3798,-1.3889,34470282,0.1831,25.3603,0.8601
2024-01-18,1.3798,1.3604,1.3896,1.3312,-1.4085,87175197,0.463,25.0031,0.848
2024-01-19,1.3507,1.3507,1.3604,1.341,-0.7143,35178889,0.1868,24.8245,0.8419
2024-01-22,1.3507,1.2924,1.3507,1.2827,-4.3165,74929629,0.398,23.7529,0.8056
2024-01-23,1.2924,1.3118,1.3215,1.2827,1.5038,56647446,0.3009,24.1101,0.8177
2024-01-24,1.3118,1.341,1.3507,1.2924,2.2222,81977278,0.4354,24.6459,0.8359
2024-01-25,1.341,1.3798,1.3798,1.3215,2.8986,78477885,0.4168,25.3603,0.8601
2024-01-26,1.3701,1.3993,1.3993,1.3701,1.4085,78080369,0.4147,25.7175,0.8722
2024-01-29,1.3993,1.3701,1.3993,1.3701,-2.0833,55365715,0.2941,25.1817,0.854
2024-01-30,1.3701,1.3507,1.3798,1.3507,-1.4184,52295249,0.2777,24.8245,0.8419
2024-01-31,1.3507,1.3312,1.3604,1.3215,-1.4388,65622614,0.3485,24.4673,0.8298
2024-02-01,1.3312,1.3507,1.3604,1.3215,1.4599,59135917,0.3141,24.8245,0.8419
2024-02-02,1.341,1.3215,1.3701,1.3021,-2.1583,75938518,0.4033,24.2887,0.8238
2024-02-05,1.3118,1.3118,1.3312,1.2632,-0.7353,113802645,0.6044,24.1101,0.8177
2024-02-06,1.3021,1.3798,1.3993,1.3021,5.1852,120947052,0.6424,25.3603,0.8601
2024-02-07,1.3896,1.4576,1.4673,1.3896,5.6338,184114658,0.9779,26.789,0.9086
2024-02-08,1.4576,1.4479,1.5062,1.4381,-0.6667,181418615,0.9635,26.6104,0.9025
2024-02-19,1.4576,1.4284,1.477,1.4187,-1.3423,100165952,0.532,26.2533,0.8904
2024-02-20,1.4284,1.4187,1.4381,1.409,-0.6803,68189992,0.3622,26.0747,0.8843
2024-02-21,1.4187,1.4284,1.4479,1.409,0.6849,88056412,0.4677,26.2533,0.8904
2024-02-22,1.4187,1.4284,1.4284,1.409,0.0,64217978,0.3411,26.2533,0.8904
2024-02-23,1.4284,1.4284,1.4381,1.4187,0.0,80873248,0.4295,26.2533,0.8904
2024-02-26,1.4284,1.409,1.4381,1.409,-1.3605,77290917,0.4105,25.8961,0.8783
2024-02-27,1.4187,1.4284,1.4284,1.409,1.3793,52362426,0.2781,26.2533,0.8904
2024-02-28,1.4284,1.4187,1.4479,1.4187,-0.6803,107731185,0.5722,26.0747,0.8843
2024-02-29,1.4187,1.4381,1.4381,1.409,1.3699,80951461,0.4299,26.4318,0.8964
2024-03-01,1.4381,1.4187,1.4381,1.4187,-1.3514,42828357,0.2275,26.0747,0.8843
2024-03-04,1.4187,1.409,1.4284,1.409,-0.6849,56346774,0.2993,25.8961,0.8783
2024-03-05,1.409,1.409,1.4187,1.3993,0.0,51900575,0.2757,25.8961,0.8783
2024-03-06,1.3993,1.409,1.4187,1.3993,0.0,48362047,0.2569,25.8961,0.8783
2024-03-07,1.409,1.409,1.4187,1.3993,0.0,40669141,0.216,25.8961,0.8783
2024-03-08,1.409,1.3993,1.409,1.3896,-0.6897,57239316,0.304,25.7175,0.8722
2024-03-11,1.3993,1.409,1.409,1.3896,0.6944,43172083,0.2293,25.8961,0.8783
2024-03-12,1.409,1.409,1.409,1.3993,0.0,32610842,0.1732,25.8961,0.8783
2024-03-13,1.3993,1.3993,1.409,1.3896,-0.6897,50858931,0.2701,25.7175,0.8722
2024-03-14,1.3993,1.3993,1.409,1.3896,0.0,53627677,0.2848,25.7175,0.8722
2024-03-15,1.3896,1.409,1.4187,1.3896,0.6944,76089181,0.4041,25.8961,0.8783
2024-03-18,1.409,1.409,1.4187,1.3993,0.0,50198317,0.2666,25.8961,0.8783
2024-03-19,1.409,1.3993,1.409,1.3993,-0.6897,66478727,0.3531,25.7175,0.8722
2024-03-20,1.3993,1.3993,1.409,1.3896,0.0,48544497,0.2578,25.7175,0.8722
2024-03-21,1.3993,1.3896,1.409,1.3896,-0.6944,38791677,0.206,25.5389,0.8662
2024-03-22,1.3896,1.3701,1.3993,1.3604,-1.3986,70267461,0.3732,25.1817,0.854
2024-03-25,1.3701,1.3701,1.3798,1.3604,0.0,44434528,0.236,25.1817,0.854
2024-03-26,1.3701,1.3701,1.3701,1.3604,0.0,26827660,0.1425,25.1817,0.854
2024-03-27,1.3604,1.3507,1.3701,1.3507,-1.4184,38282194,0.2033,24.8245,0.8419
2024-03-28,1.3507,1.3604,1.3701,1.341,0.7194,42976790,0.2283,25.0031,0.848
2024-03-29,1.3604,1.3604,1.3701,1.3507,0.0,44245451,0.235,25.0031,0.848
2024-04-01,1.3604,1.3798,1.3798,1.3604,1.4286,61816333,0.3283,25.3603,0.8517
2024-04-02,1.3798,1.3798,1.3896,1.3701,0.0,41385097,0.2198,25.3603,0.8517
2024-04-03,1.3798,1.3798,1.3896,1.3701,0.0,31952967,0.1697,25.3603,0.8517
2024-04-08,1.3798,1.3798,1.3896,1.3701,0.0,53000421,0.2815,25.3603,0.8517
2024-04-09,1.3701,1.3798,1.3798,1.3701,0.0,25122504,0.1334,25.3603,0.8517
2024-04-10,1.3798,1.3604,1.3798,1.3604,-1.4085,54928994,0.2917,25.0031,0.8397
2024-04-11,1.3604,1.3701,1.3798,1.3507,0.7143,54976827,0.292,25.1817,0.8457
2024-04-12,1.3701,1.3701,1.3798,1.3604,0.0,47194295,0.2507,25.1817,0.8457
2024-04-15,1.3701,1.3896,1.3993,1.3604,1.4184,93918786,0.4988,25.5389,0.8577
2024-04-16,1.3896,1.3798,1.3993,1.3701,-0.6993,85980485,0.4567,25.3603,0.8517
2024-04-17,1.3701,1.3896,1.3993,1.3701,0.7042,82463916,0.438,25.5389,0.8577
2024-04-18,1.3993,1.3993,1.409,1.3798,0.6993,87032826,0.4622,25.7175,0.8637
2024-04-19,1.3896,1.3993,1.4187,1.3896,0.0,82759013,0.4395,25.7175,0.8637
2024-04-22,1.409,1.3798,1.409,1.3798,-1.3889,64874053,0.3446,25.3603,0.8517
2024-04-23,1.3798,1.3701,1.3896,1.3701,-0.7042,44090111,0.2342,25.1817,0.8457
2024-04-24,1.3701,1.3701,1.3798,1.3701,0.0,30316301,0.161,25.1817,0.8457
2024-04-25,1.3701,1.3701,1.3798,1.3701,0.0,22972077,0.122,25.1817,0.8457
2024-04-26,1.3701,1.3896,1.3896,1.3701,1.4184,62180698,0.3303,25.5389,0.8577
2024-04-29,1.3896,1.3993,1.409,1.3798,0.6993,74990147,0.3983,25.7175,0.8637
2024-04-30,1.409,1.3993,1.409,1.3896,0.0,47850736,0.2541,25.7175,0.8637
2024-05-06,1.409,1.409,1.4187,1.3993,0.6944,80636939,0.4283,25.8961,0.8697
2024-05-07,1.3993,1.3896,1.409,1.3896,-1.3793,38880602,0.2065,25.5389,0.8577
2024-05-08,1.3896,1.409,1.4284,1.3896,1.3986,108548476,0.5765,25.8961,0.8697
2024-05-09,1.409,1.4284,1.4284,1.3993,1.3793,96710074,0.5136,26.2533,0.8817
2024-05-10,1.4284,1.4187,1.4284,1.409,-0.6803,55266125,0.2935,26.0747,0.8757
2024-05-13,1.4187,1.4284,1.4479,1.409,0.6849,94026707,0.4994,26.2533,0.8817
2024-05-14,1.4284,1.4284,1.4381,1.4187,0.0,45529372,0.2418,26.2533,0.8817
2024-05-15,1.4284,1.4187,1.4284,1.409,-0.6803,30082796,0.1598,26.0747,0.8757
2024-05-16,1.409,1.409,1.4187,1.3993,-0.6849,53206156,0.2826,25.8961,0.8697
2024-05-17,1.409,1.4187,1.4187,1.3993,0.6897,51406865,0.273,26.0747,0.8757
2024-05-20,1.4187,1.4187,1.4284,1.409,0.0,77445517,0.4113,26.0747,0.8757
2024-05-21,1.4187,1.409,1.4187,1.3993,-0.6849,62097754,0.3298,25.8961,0.8697
2024-05-22,1.3993,1.3993,1.409,1.3993,-0.6897,29871712,0.1587,25.7175,0.8637
2024-05-23,1.3993,1.3701,1.3993,1.3604,-2.0833,103581649,0.5501,25.1817,0.8457
2024-05-24,1.3604,1.3701,1.3798,1.3604,0.0,51038644,0.2711,25.1817,0.8457
2024-05-27,1.3701,1.3798,1.3798,1.3604,0.7092,35074150,0.1863,25.3603,0.8517
2024-05-28,1.3798,1.3604,1.3798,1.3604,-1.4085,44533381,0.2365,25.0031,0.8397
2024-05-29,1.3604,1.3507,1.3701,1.3507,-0.7143,32265184,0.1714,24.8245,0.8337
2024-05-30,1.3507,1.3507,1.3604,1.3507,0.0,27321939,0.1451,24.8245,0.8337
2024-05-31,1.3604,1.3507,1.3604,1.341,0.0,35776913,0.19,24.8245,0.8337
2024-06-03,1.341,1.2924,1.3507,1.2827,-4.3165,161696957,0.8588,23.7529,0.7977
2024-06-04,1.2827,1.2924,1.3021,1.2729,0.0,84996980,0.4514,23.7529,0.7977
2024-06-05,1.2924,1.2827,1.3021,1.2827,-0.7519,46808346,0.2486,23.5744,0.7917
2024-06-06,1.2827,1.2632,1.2924,1.2632,-1.5152,73359915,0.3896,23.2172,0.7797
2024-06-07,1.2729,1.2924,1.2924,1.2632,2.3077,52762556,0.2802,23.7529,0.7977
2024-06-11,1.2924,1.2827,1.2924,1.2729,-0.7519,41009366,0.2178,23.5744,0.7917
2024-06-12,1.2827,1.2827,1.2924,1.2729,0.0,29412163,0.1562,23.5744,0.7917
2024-06-13,1.2924,1.2632,1.2924,1.2632,-1.5152,45248572,0.2403,23.2172,0.7797
2024-06-14,1.2632,1.2827,1.2924,1.2632,1.5385,56813729,0.3017,23.5744,0.7917
2024-06-17,1.2827,1.2729,1.2924,1.2729,-0.7576,32671845,0.1735,23.3958,0.7857
2024-06-18,1.2827,1.2924,1.2924,1.2729,1.5267,36688182,0.1949,23.7529,0.7977
2024-06-19,1.2827,1.2827,1.2924,1.2729,-0.7519,30206099,0.1604,23.5744,0.7917
2024-06-20,1.2827,1.2632,1.2827,1.2632,-1.5152,47627369,0.253,23.2172,0.7797
2024-06-21,1.2632,1.2535,1.2632,1.2438,-0.7692,51034077,0.271,23.0386,0.7737
2024-06-24,1.2438,1.1952,1.2535,1.1952,-4.6512,92552109,0.4916,21.967,0.7377
2024-06-25,1.1952,1.2049,1.2146,1.1855,0.813,50034587,0.2657,22.1456,0.7437
2024-06-26,1.2049,1.2146,1.2244,1.1855,0.8065,52428595,0.2785,22.3242,0.7497
2024-06-27,1.2049,1.1952,1.2146,1.1952,-1.6,37170950,0.1974,21.967,0.7377
2024-06-28,1.1952,1.1952,1.2146,1.1855,0.0,54290162,0.2883,21.967,0.7377
2024-07-01,1.2049,1.2244,1.2244,1.1952,2.439,42560860,0.226,22.5028,0.7623
2024-07-02,1.2146,1.2244,1.2341,1.2049,0.0,52126346,0.2769,22.5028,0.7623
2024-07-03,1.2244,1.2244,1.2535,1.2146,0.0,52880979,0.2809,22.5028,0.7623
2024-07-04,1.2438,1.2341,1.2632,1.2244,0.7937,92296042,0.4902,22.6814,0.7684
2024-07-05,1.2244,1.2244,1.2341,1.2146,-0.7874,52779796,0.2803,22.5028,0.7623
2024-07-08,1.2244,1.1952,1.2244,1.1952,-2.381,47902527,0.2544,21.967,0.7442
2024-07-09,1.1952,1.2244,1.2244,1.1952,2.439,42429229,0.2253,22.5028,0.7623
2024-07-10,1.2146,1.2244,1.2341,1.2146,0.0,33552721,0.1782,22.5028,0.7623
2024-07-11,1.2341,1.2438,1.2535,1.2244,1.5873,51342427,0.2727,22.86,0.7744
2024-07-12,1.2341,1.2341,1.2438,1.2244,-0.7813,23859872,0.1267,22.6814,0.7684
2024-07-15,1.2244,1.2244,1.2341,1.2244,-0.7874,20617492,0.1095,22.5028,0.7623
2024-07-16,1.2244,1.2341,1.2341,1.2146,0.7937,19096652,0.1014,22.6814,0.7684
2024-07-17,1.2341,1.2341,1.2538,1.2242,0.0,41416722,0.22,22.3242,0.7563
2024-07-18,1.2341,1.2439,1.2439,1.2242,0.8,35402187,0.188,22.5028,0.7623
2024-07-19,1.2341,1.2439,1.2439,1.2242,0.0,35147220,0.1867,22.5028,0.7623
2024-07-22,1.2341,1.2439,1.2439,1.2341,0.0,18056247,0.0959,22.5028,0.7623
2024-07-23,1.2341,1.2341,1.2439,1.2242,-0.7937,29877831,0.1587,22.3242,0.7563
2024-07-24,1.2242,1.2045,1.2341,1.2045,-2.4,53488487,0.2841,21.7884,0.7381
2024-07-25,1.2045,1.2242,1.2242,1.2045,1.6393,38036627,0.202,22.1456,0.7502
2024-07-26,1.2143,1.2341,1.2341,1.2143,0.8065,29965715,0.1592,22.3242,0.7563
2024-07-29,1.2242,1.2341,1.2439,1.2242,0.0,24965354,0.1326,22.3242,0.7563
2024-07-30,1.2341,1.2341,1.2439,1.2242,0.0,32355986,0.1718,22.3242,0.7563
2024-07-31,1.2341,1.2637,1.2736,1.2341,2.4,83130334,0.4415,22.86,0.7744
2024-08-01,1.2637,1.2538,1.2736,1.2538,-0.7813,36419599,0.1934,22.6814,0.7684
2024-08-02,1.2538,1.2538,1.2637,1.2439,0.0,34424943,0.1828,22.6814,0.7684
2024-08-05,1.2538,1.2439,1.2736,1.2439,-0.7874,53753828,0.2855,22.5028,0.7623
2024-08-06,1.2538,1.2538,1.2538,1.2341,0.7937,42187273,0.2241,22.6814,0.7684
2024-08-07,1.2439,1.2439,1.2538,1.2341,-0.7874,24974507,0.1326,22.5028,0.7623
2024-08-08,1.2341,1.2439,1.2538,1.2242,0.0,32852279,0.1745,22.5028,0.7623
2024-08-09,1.2439,1.2439,1.2538,1.2341,0.0,27981670,0.1486,22.5028,0.7623
2024-08-12,1.2341,1.2341,1.2439,1.2242,-0.7937,33760956,0.1793,22.3242,0.7563
2024-08-13,1.2341,1.2439,1.2439,1.2242,0.8,28270173,0.1501,22.5028,0.7623
2024-08-14,1.2439,1.2341,1.2439,1.2242,-0.7937,22730557,0.1207,22.3242,0.7563
2024-08-15,1.2242,1.2439,1.2439,1.2242,0.8,42152265,0.2239,22.5028,0.7623
2024-08-16,1.2439,1.2341,1.2538,1.2341,-0.7937,35765967,0.19,22.3242,0.7563
2024-08-19,1.2439,1.2439,1.2538,1.2341,0.8,28864755,0.1533,22.5028,0.7623
2024-08-20,1.2439,1.2242,1.2439,1.2242,-1.5873,36380744,0.1932,22.1456,0.7502
2024-08-21,1.2242,1.2242,1.2341,1.2143,0.0,34617678,0.1839,22.1456,0.7502
2024-08-22,1.2242,1.2143,1.2341,1.2143,-0.8065,23075674,0.1226,21.967,0.7442
2024-08-23,1.2143,1.2143,1.2242,1.2143,0.0,19744429,0.1049,21.967,0.7442
2024-08-26,1.2242,1.2143,1.2242,1.2143,0.0,13575943,0.0721,21.967,0.7442
2024-08-27,1.2143,1.2045,1.2242,1.2045,-0.813,35297229,0.1875,21.7884,0.7381
2024-08-28,1.2045,1.2143,1.2242,1.2045,0.8197,26788075,0.1423,21.967,0.7442
2024-08-29,1.2143,1.2143,1.2242,1.2045,0.0,24772393,0.1316,21.967,0.7442
2024-08-30,1.2242,1.2242,1.2341,1.2143,0.813,44124879,0.2344,22.1456,0.7502
2024-09-02,1.2242,1.2045,1.2242,1.2045,-1.6129,52065171,0.2765,21.7884,0.7381
2024-09-03,1.2143,1.2143,1.2242,1.2045,0.8197,40715157,0.2162,21.967,0.7442
2024-09-04,1.2045,1.2045,1.2143,1.2045,-0.813,16473039,0.0875,21.7884,0.7381
2024-09-05,1.2045,1.2045,1.2143,1.2045,0.0,12154688,0.0646,21.7884,0.7381
2024-09-06,1.2143,1.2045,1.2143,1.2045,0.0,20124931,0.1069,21.7884,0.7381
2024-09-09,1.2045,1.2045,1.2143,1.1946,0.0,44339164,0.2355,21.7884,0.7381
2024-09-10,1.2045,1.2045,1.2045,1.1946,0.0,27057729,0.1437,21.7884,0.7381
2024-09-11,1.1946,1.1946,1.2045,1.1946,-0.8197,17046064,0.0905,21.6098,0.7321
2024-09-12,1.2045,1.1946,1.2045,1.1946,0.0,21740978,0.1155,21.6098,0.7321
2024-09-13,1.1946,1.1946,1.2045,1.1946,0.0,23400680,0.1243,21.6098,0.7321
2024-09-18,1.1946,1.1946,1.2045,1.1847,0.0,28187257,0.1497,21.6098,0.7321
2024-09-19,1.2045,1.2143,1.2242,1.1847,1.6529,63937347,0.3396,21.967,0.7442
2024-09-20,1.2143,1.2143,1.2242,1.2045,0.0,28003666,0.1487,21.967,0.7442
2024-09-23,1.2143,1.2341,1.2439,1.2143,1.626,49596169,0.2634,22.3242,0.7563
2024-09-24,1.2341,1.2637,1.2736,1.2341,2.4,83913192,0.4457,22.86,0.7744
2024-09-25,1.2933,1.2834,1.3131,1.2834,1.5625,123863183,0.6579,23.2172,0.7865
2024-09-26,1.2834,1.3328,1.3328,1.2736,3.8462,121084809,0.6431,24.1101,0.8168
2024-09-27,1.3525,1.3525,1.3624,1.3328,1.4815,85163153,0.4543,24.3841,0.8261
2024-09-30,1.392,1.471,1.4809,1.3822,8.7591,259699062,1.3853,26.5199,0.8897
2024-10-08,1.6092,1.5204,1.6191,1.4611,3.3557,345774297,1.8444,27.4099,0.9196
2024-10-09,1.4908,1.4019,1.5006,1.4019,-7.7922,203272550,1.0843,25.274,0.8479
2024-10-10,1.4019,1.4217,1.4513,1.392,1.4085,128525441,0.6856,25.63,0.8599
2024-10-11,1.4217,1.3822,1.4315,1.3723,-2.7778,85906994,0.4582,24.9181,0.836
2024-10-14,1.392,1.4118,1.4217,1.3822,2.1429,98397952,0.5249,25.452,0.8539
2024-10-15,1.4217,1.4414,1.4908,1.4118,2.0979,176897345,0.9436,25.986,0.8718
2024-10-16,1.4217,1.4315,1.4513,1.4118,-0.6849,99916373,0.533,25.808,0.8659
2024-10-17,1.4414,1.4118,1.4513,1.4118,-1.3793,86182207,0.4597,25.452,0.8539
2024-10-18,1.4118,1.4315,1.4513,1.392,1.3986,129345687,0.69,25.808,0.8659
2024-10-21,1.4414,1.4315,1.4513,1.4217,0.0,84770223,0.4522,25.808,0.8659
2024-10-22,1.4315,1.4315,1.4414,1.4217,0.0,63543624,0.339,25.808,0.8659
2024-10-23,1.4315,1.4414,1.4513,1.4217,0.6897,91114780,0.486,25.986,0.8718
2024-10-24,1.4414,1.4315,1.4414,1.4118,-0.6849,63584144,0.3392,25.808,0.8659
2024-10-25,1.4315,1.4414,1.4414,1.4217,0.6897,63345550,0.3379,25.986,0.8718
2024-10-28,1.4315,1.4908,1.5006,1.4315,3.4247,200386053,1.0689,26.8759,0.9017
2024-10-29,1.4908,1.4611,1.5006,1.4414,-1.9868,130102765,0.694,26.3419,0.8838
2024-10-30,1.4513,1.4809,1.4809,1.4414,1.3514,118822736,0.6338,26.6979,0.8957
2024-10-31,1.471,1.5204,1.5204,1.471,2.6667,180104604,0.9607,27.4099,0.9196
2024-11-01,1.5204,1.5599,1.5796,1.5105,2.5974,237317734,1.2659,28.1218,0.9435
2024-11-04,1.5599,1.55,1.5697,1.5204,-0.6329,149853708,0.7994,27.9438,0.9375
2024-11-05,1.5401,1.6389,1.6389,1.5303,5.7325,348620189,1.8596,29.5457,0.9912
2024-11-06,1.6389,1.6882,1.7672,1.5994,3.012,521072320,2.7795,30.4356,1.0211
2024-11-07,1.6586,1.7178,1.7672,1.629,1.7544,431924275,2.304,30.9696,1.039
2024-11-08,1.7376,1.7178,1.7968,1.6981,0.0,450839152,2.4049,30.9696,1.039
2024-11-11,1.6981,1.6882,1.7475,1.6685,-1.7241,327313018,1.746,30.4356,1.0211
2024-11-12,1.6783,1.629,1.6882,1.6092,-3.5088,289430919,1.5439,29.3677,0.9853
2024-11-13,1.6191,1.6092,1.6389,1.5796,-1.2121,188524989,1.0056,29.0117,0.9733
2024-11-14,1.5994,1.5599,1.6092,1.55,-3.0675,163466756,0.872,28.1218,0.9435
2024-11-15,1.5599,1.5599,1.5994,1.55,0.0,186390430,0.9943,28.1218,0.9435
2024-11-18,1.5697,1.6191,1.6487,1.5697,3.7975,279500380,1.4909,29.1897,0.9793
2024-11-19,1.5994,1.5895,1.6092,1.55,-1.8293,192853901,1.0287,28.6558,0.9614
2024-11-20,1.5796,1.6092,1.6191,1.5697,1.2422,163085704,0.8699,29.0117,0.9733
2024-11-21,1.5994,1.5796,1.6092,1.5697,-1.8405,124441811,0.6638,28.4778,0.9554
2024-11-22,1.5796,1.5303,1.5895,1.5303,-3.125,142449936,0.7599,27.5878,0.9256
2024-11-25,1.5204,1.5303,1.55,1.5006,0.0,150173364,0.8011,27.5878,0.9256
2024-11-26,1.5204,1.5303,1.55,1.5105,0.0,116668036,0.6223,27.5878,0.9256
2024-11-27,1.5204,1.55,1.55,1.5006,1.2903,112797293,0.6017,27.9438,0.9375
2024-11-28,1.55,1.5599,1.5895,1.5401,0.6369,151298936,0.8071,28.1218,0.9435
2024-11-29,1.55,1.5599,1.5796,1.5401,0.0,114793228,0.6123,28.1218,0.9435
2024-12-02,1.5599,1.6389,1.6487,1.55,5.0633,260278885,1.3884,29.5457,0.9912
2024-12-03,1.6389,1.629,1.6487,1.5994,-0.6024,158958493,0.8479,29.3677,0.9853
2024-12-04,1.6191,1.6191,1.6389,1.5994,-0.6061,134053504,0.7151,29.1897,0.9793
2024-12-05,1.6092,1.6389,1.6586,1.5994,1.2195,189023841,1.0083,29.5457,0.9912
2024-12-06,1.6389,1.7178,1.7277,1.6389,4.8193,351611425,1.8756,30.9696,1.039
2024-12-09,1.7672,1.708,1.8264,1.6882,-0.5747,465119732,2.4811,30.7916,1.033
2024-12-10,1.7573,1.7178,1.7869,1.708,0.578,389097410,2.0755,30.9696,1.039
2024-12-11,1.6882,1.7672,1.7771,1.6783,2.8736,358424215,1.9119,31.8595,1.0689
2024-12-12,1.7573,1.7376,1.7672,1.7178,-1.676,252657265,1.3477,31.3256,1.051
2024-12-13,1.7277,1.6783,1.7376,1.6685,-3.4091,280851614,1.4981,30.2576,1.0151
2024-12-16,1.6783,1.6882,1.708,1.6586,0.5882,217031300,1.1577,30.4356,1.0211
2024-12-17,1.6882,1.6487,1.6981,1.629,-2.3392,197740125,1.0548,29.7237,0.9972
2024-12-18,1.6586,1.6882,1.708,1.6487,2.3952,192591993,1.0273,30.4356,1.0211
2024-12-19,1.6685,1.6685,1.6882,1.6389,-1.1696,168928578,0.9011,30.0797,1.0092
2024-12-20,1.6586,1.6586,1.6783,1.6487,-0.5917,121806570,0.6497,29.9017,1.0032
2024-12-23,1.6487,1.6092,1.6586,1.6092,-2.9762,151160950,0.8063,29.0117,0.9733
2024-12-24,1.6092,1.629,1.6389,1.6092,1.227,100514481,0.5362,29.3677,0.9853
2024-12-25,1.629,1.6191,1.6389,1.5994,-0.6061,96781075,0.5163,29.1897,0.9793
2024-12-26,1.6191,1.6191,1.629,1.6092,0.0,60984715,0.3253,29.1897,0.9793
2024-12-27,1.6092,1.6586,1.6586,1.6092,2.439,157789922,0.8417,29.9017,1.0032
2024-12-30,1.6389,1.6783,1.6882,1.6092,1.1905,222672644,1.1878,30.2576,1.0151
2024-12-31,1.6685,1.708,1.7178,1.6586,1.7647,305895082,1.6317,36.1516,1.0392
2025-01-02,1.708,1.6487,1.7178,1.629,-3.4682,170897807,0.9116,34.8978,1.0031
2025-01-03,1.6487,1.5895,1.6586,1.5895,-3.5928,147306779,0.7858,33.644,0.9671
2025-01-06,1.5895,1.5697,1.5994,1.5599,-1.2422,109092293,0.5819,33.226,0.9551
2025-01-07,1.5697,1.5994,1.5994,1.5697,1.8868,76148316,0.4062,33.8529,0.9731
2025-01-08,1.5994,1.5796,1.6092,1.5401,-1.2346,112125695,0.5981,33.435,0.9611
2025-01-09,1.5697,1.5697,1.5796,1.55,-0.625,71987101,0.384,33.226,0.9551
2025-01-10,1.5599,1.5204,1.5796,1.5204,-3.1447,80559969,0.4297,32.1812,0.925
2025-01-13,1.5105,1.5303,1.55,1.5006,0.6494,93458249,0.4985,32.3902,0.931
2025-01-14,1.5303,1.5994,1.6092,1.5204,4.5161,130235194,0.6947,33.8529,0.9731
2025-01-15,1.5994,1.5599,1.6191,1.5599,-2.4691,93863641,0.5007,33.0171,0.9491
2025-01-16,1.5697,1.5697,1.6092,1.5599,0.6329,87960378,0.4692,33.226,0.9551
2025-01-17,1.5697,1.5599,1.5895,1.55,-0.6289,76130707,0.4061,33.0171,0.9491
2025-01-20,1.5697,1.5697,1.5895,1.5599,0.6329,69993552,0.3734,33.226,0.9551
2025-01-21,1.5697,1.5599,1.5796,1.5401,-0.6289,81885200,0.4368,33.0171,0.9491
2025-01-22,1.5599,1.5401,1.5599,1.5303,-1.2658,57022562,0.3042,32.5991,0.9371
2025-01-23,1.55,1.5599,1.5895,1.55,1.2821,120206402,0.6412,33.0171,0.9491
2025-01-24,1.5599,1.55,1.5796,1.55,-0.6329,82837281,0.4419,32.8081,0.9431
2025-01-27,1.5599,1.5599,1.5796,1.55,0.6369,84887199,0.4528,33.0171,0.9491
2025-02-05,1.5599,1.55,1.5697,1.5401,-0.6329,82070786,0.4378,32.8081,0.9431
2025-02-06,1.55,1.5599,1.5599,1.5303,0.6369,83953808,0.4478,33.0171,0.9491
2025-02-07,1.5599,1.5796,1.5994,1.55,1.2658,139941664,0.7465,33.435,0.9611
2025-02-10,1.5796,1.5895,1.6191,1.5796,0.625,114541158,0.611,33.644,0.9671
2025-02-11,1.5994,1.5697,1.5994,1.5599,-1.2422,73705414,0.3932,33.226,0.9551
2025-02-12,1.5697,1.5796,1.5796,1.5599,0.6289,74188661,0.3957,33.435,0.9611
2025-02-13,1.5796,1.5796,1.5895,1.5697,0.0,100544814,0.5363,33.435,0.9611
2025-02-14,1.5796,1.5599,1.5796,1.5599,-1.25,61705990,0.3292,33.0171,0.9491
2025-02-17,1.5599,1.5796,1.5796,1.55,1.2658,94362420,0.5034,33.435,0.9611
2025-02-18,1.5697,1.55,1.5796,1.5401,-1.875,82041458,0.4376,32.8081,0.9431
2025-02-19,1.5401,1.55,1.5599,1.5401,0.0,58023202,0.3095,32.8081,0.9431
2025-02-20,1.55,1.5401,1.55,1.5303,-0.6369,73309762,0.3911,32.5991,0.9371
2025-02-21,1.5401,1.5401,1.55,1.5303,0.0,69444625,0.3704,32.5991,0.9371
2025-02-24,1.5401,1.5401,1.55,1.5204,0.0,87784268,0.4683,32.5991,0.9371
2025-02-25,1.5303,1.5105,1.5401,1.5105,-1.9231,80673412,0.4303,31.9722,0.919
2025-02-26,1.5105,1.5303,1.5401,1.5105,1.3072,83611757,0.446,32.3902,0.931
2025-02-27,1.5303,1.5303,1.55,1.5204,0.0,83117434,0.4434,32.3902,0.931
2025-02-28,1.5303,1.5105,1.5401,1.5105,-1.2903,85536312,0.4563,31.9722,0.919
2025-03-03,1.5105,1.4908,1.5204,1.4809,-1.3072,107063674,0.5711,31.5543,0.907
2025-03-04,1.4908,1.4908,1.5006,1.4809,0.0,62111696,0.3313,31.5543,0.907
2025-03-05,1.5006,1.471,1.5006,1.4611,-1.3245,79376348,0.4234,31.1363,0.895
2025-03-06,1.4809,1.4908,1.5006,1.471,1.3423,108712176,0.5799,31.5543,0.907
2025-03-07,1.4908,1.4809,1.4908,1.471,-0.6623,53223528,0.2839,31.3453,0.901
2025-03-10,1.471,1.471,1.4809,1.4611,-0.6667,48580016,0.2591,31.1363,0.895
2025-03-11,1.4611,1.471,1.4809,1.4513,0.0,81796446,0.4363,31.1363,0.895
2025-03-12,1.471,1.4809,1.4908,1.471,0.6711,63623273,0.3394,31.3453,0.901
2025-03-13,1.4809,1.4908,1.5006,1.471,0.6667,91949001,0.4905,31.5543,0.907
2025-03-14,1.4908,1.5105,1.5105,1.4809,1.3245,83157991,0.4436,31.9722,0.919
2025-03-17,1.5105,1.5006,1.5303,1.5006,-0.6536,82376193,0.4394,31.7633,0.913
2025-03-18,1.5105,1.5303,1.5401,1.4908,1.9737,149519033,0.7976,32.3902,0.931
2025-03-19,1.5303,1.5105,1.5303,1.5006,-1.2903,86938872,0.4638,31.9722,0.919
2025-03-20,1.5105,1.5105,1.5204,1.5006,0.0,57839127,0.3085,31.9722,0.919
2025-03-21,1.5006,1.5204,1.55,1.5006,0.6536,160630627,0.8568,32.1812,0.925
2025-03-24,1.5204,1.5204,1.5401,1.5006,0.0,98688919,0.5264,32.1812,0.925
2025-03-25,1.5204,1.5401,1.5401,1.5105,1.2987,107607754,0.574,32.5991,0.9371
2025-03-26,1.5401,1.5401,1.55,1.5204,0.0,84549665,0.451,32.5991,0.9371
2025-03-27,1.55,1.55,1.55,1.5303,0.641,99425286,0.5304,32.8081,0.9431
2025-03-28,1.55,1.4908,1.55,1.4908,-3.8217,107006711,0.5708,31.5543,0.907
2025-03-31,1.4908,1.471,1.5006,1.471,-1.3245,67829596,0.3618,31.1363,0.8911
2025-04-01,1.471,1.4809,1.4908,1.471,0.6711,41760842,0.2228,31.3453,0.8971
2025-04-02,1.4809,1.4908,1.4908,1.471,0.6667,54495142,0.2907,31.5543,0.9031
2025-04-03,1.4809,1.5204,1.5204,1.471,1.9868,106444876,0.5678,32.1812,0.921
2025-04-07,1.471,1.3723,1.4809,1.3723,-9.7403,167536126,0.8937,29.0467,0.8313
2025-04-08,1.3624,1.4611,1.4611,1.3624,6.4748,166405943,0.8877,30.9274,0.8851
2025-04-09,1.4414,1.5401,1.5401,1.4019,5.4054,228022191,1.2163,32.5991,0.933
2025-04-10,1.5204,1.5006,1.5401,1.5006,-2.5641,183852356,0.9807,31.7633,0.909
2025-04-11,1.5006,1.4809,1.5303,1.471,-1.3158,159000623,0.8481,31.3453,0.8971
2025-04-14,1.4809,1.4809,1.4908,1.471,0.0,99679612,0.5317,31.3453,0.8971
2025-04-15,1.4809,1.4513,1.4809,1.4414,-2.0,79855960,0.426,30.7184,0.8791
2025-04-16,1.4414,1.471,1.4908,1.4414,1.3605,116271512,0.6202,31.1363,0.8911
2025-04-17,1.4809,1.4611,1.4809,1.4513,-0.6711,59389870,0.3168,30.9274,0.8851
2025-04-18,1.4611,1.4513,1.4611,1.4414,-0.6757,47737639,0.2546,30.7184,0.8791
2025-04-21,1.4513,1.4611,1.471,1.4414,0.6803,53253728,0.2841,30.9274,0.8851
2025-04-22,1.4611,1.4611,1.4809,1.4513,0.0,55638067,0.2968,30.9274,0.8851
2025-04-23,1.471,1.4611,1.4809,1.4513,0.0,61544655,0.3283,30.9274,0.8851
2025-04-24,1.4611,1.4513,1.471,1.4513,-0.6757,39533680,0.2109,30.7184,0.8791
2025-04-25,1.4611,1.4513,1.471,1.4513,0.0,48962708,0.2612,30.7184,0.8791
2025-04-28,1.4513,1.4513,1.4611,1.4414,0.0,47531280,0.2535,30.7184,0.8791
2025-04-29,1.4414,1.4414,1.4611,1.4414,-0.6803,40047835,0.2136,30.5094,0.8732
2025-04-30,1.4414,1.4414,1.4513,1.4315,0.0,44459897,0.2372,30.5094,0.8732
2025-05-06,1.4414,1.4513,1.4611,1.4315,0.6849,52995205,0.2827,30.7184,0.8791
2025-05-07,1.4513,1.471,1.471,1.4513,1.3605,73563293,0.3924,31.1363,0.8911
2025-05-08,1.4611,1.4611,1.471,1.4513,-0.6711,49482328,0.264,30.9274,0.8851
2025-05-09,1.4611,1.4513,1.471,1.4513,-0.6757,26387341,0.1408,30.7184,0.8791
2025-05-12,1.4611,1.4611,1.4611,1.4513,0.6803,24289901,0.1296,30.9274,0.8851
2025-05-13,1.471,1.471,1.4809,1.4611,0.6757,102629132,0.5475,31.1363,0.8911
2025-05-14,1.471,1.5105,1.5204,1.4611,2.6846,191865295,1.0235,31.9722,0.915
2025-05-15,1.5204,1.5006,1.5697,1.5006,-0.6536,188581139,1.0059,31.7633,0.909
2025-05-16,1.5006,1.4908,1.5105,1.471,-0.6579,104275047,0.5562,31.5543,0.9031
2025-05-19,1.4908,1.5303,1.5401,1.4809,2.649,147945515,0.7892,32.3902,0.927
2025-05-20,1.5303,1.5006,1.5303,1.4908,-1.9355,116369680,0.6207,31.7633,0.909
2025-05-21,1.5006,1.5006,1.5204,1.4908,0.0,60521694,0.3228,31.7633,0.909
2025-05-22,1.5006,1.4908,1.5006,1.471,-0.6579,77201262,0.4118,31.5543,0.9031
2025-05-23,1.4809,1.471,1.4908,1.4611,-1.3245,65258305,0.3481,31.1363,0.8911
2025-05-26,1.471,1.4611,1.471,1.4513,-0.6711,51008347,0.2721,30.9274,0.8851
2025-05-27,1.471,1.471,1.471,1.4513,0.6757,35381190,0.1887,31.1363,0.8911
2025-05-28,1.471,1.4611,1.471,1.4513,-0.6711,30902283,0.1648,30.9274,0.8851
2025-05-29,1.4611,1.471,1.4809,1.4513,0.6757,60221877,0.3212,31.1363,0.8911
2025-05-30,1.471,1.4611,1.4809,1.4611,-0.6711,42278322,0.2255,30.9274,0.8851
2025-06-03,1.4611,1.4611,1.471,1.4611,0.0,29792577,0.1589,30.9274,0.8851
2025-06-04,1.471,1.4611,1.471,1.4611,0.0,22289127,0.1189,30.9274,0.8851
2025-06-05,1.471,1.4513,1.471,1.4513,-0.6757,44101779,0.2353,30.7184,0.8791
2025-06-06,1.4611,1.471,1.471,1.4513,1.3605,38569755,0.2057,31.1363,0.8911
2025-06-09,1.471,1.471,1.4809,1.4611,0.0,47792100,0.2549,31.1363,0.8911
2025-06-10,1.4809,1.471,1.4809,1.4611,0.0,68030891,0.3629,31.1363,0.8911
2025-06-11,1.471,1.471,1.4809,1.471,0.0,28754018,0.1534,31.1363,0.8911
2025-06-12,1.471,1.471,1.4809,1.4611,0.0,27027151,0.1442,31.1363,0.8911
2025-06-13,1.471,1.471,1.4809,1.4611,0.0,65052240,0.347,31.1363,0.8911
2025-06-16,1.471,1.471,1.4809,1.4611,0.0,37324574,0.1991,31.1363,0.8911
2025-06-17,1.471,1.471,1.4809,1.4611,0.0,51820130,0.2764,31.1363,0.8911
2025-06-18,1.471,1.4611,1.4809,1.4611,-0.6711,32517283,0.1735,30.9274,0.8851
2025-06-19,1.4611,1.4513,1.471,1.4414,-0.6757,63300225,0.3377,30.7184,0.8791
2025-06-20,1.4513,1.4513,1.4611,1.4414,0.0,31870622,0.17,30.7184,0.8791
2025-06-23,1.4611,1.471,1.471,1.4513,1.3605,38040036,0.2029,31.1363,0.8911
2025-06-24,1.471,1.471,1.4809,1.4611,0.0,56304100,0.3003,31.1363,0.8911
2025-06-25,1.471,1.4809,1.4809,1.4611,0.6711,45855043,0.2446,31.3453,0.8971
2025-06-26,1.4809,1.471,1.4809,1.471,-0.6667,49987540,0.2666,31.1363,0.8911
2025-06-27,1.4809,1.4908,1.5105,1.4611,1.3423,124765214,0.6655,31.5543,0.9031
2025-06-30,1.4908,1.4809,1.5006,1.4809,-0.6623,43108131,0.2299,31.3453,0.8953
2025-07-01,1.4908,1.4809,1.4908,1.471,0.0,48652033,0.2595,31.3453,0.8953
2025-07-02,1.4809,1.4908,1.5105,1.471,0.6667,87587482,0.4672,31.5543,0.9013
2025-07-03,1.5006,1.4908,1.5006,1.4809,0.0,70043335,0.3736,31.5543,0.9013
2025-07-04,1.4908,1.4908,1.5105,1.4809,0.0,76531199,0.4082,31.5543,0.9013
2025-07-07,1.5006,1.5006,1.5105,1.4908,0.6623,62600845,0.3339,31.7633,0.9073
2025-07-08,1.5006,1.5006,1.5105,1.4908,0.0,59884086,0.3194,31.7633,0.9073
2025-07-09,1.5105,1.5105,1.5105,1.5006,0.6579,33625520,0.1794,31.9722,0.9132
2025-07-10,1.5105,1.5204,1.5303,1.5006,0.6536,110272866,0.5882,32.1812,0.9192
2025-07-11,1.5303,1.5401,1.55,1.5204,1.2987,129537434,0.691,32.5991,0.9311
2025-07-14,1.5401,1.5303,1.55,1.5303,-0.641,71328713,0.3805,32.3902,0.9252
2025-07-15,1.5303,1.5105,1.5401,1.5006,-1.2903,94321576,0.5031,31.9722,0.9132
2025-07-16,1.5105,1.5006,1.5105,1.4908,-0.6536,51053589,0.2723,31.7633,0.9073
2025-07-17,1.5006,1.5006,1.5105,1.5006,0.0,25747233,0.1373,31.7633,0.9073
2025-07-18,1.5105,1.5204,1.5204,1.5006,1.3158,62674217,0.3343,32.1812,0.9192
2025-07-21,1.5204,1.55,1.55,1.5105,1.9481,88776465,0.4736,32.8081,0.9371
2025-07-22,1.56,1.57,1.57,1.54,1.2903,122842489,0.6553,32.8081,0.9371
2025-07-23,1.57,1.58,1.6,1.56,0.6369,189723078,1.012,33.0171,0.9431
2025-07-24,1.57,1.6,1.62,1.56,1.2658,173190079,0.9238,33.435,0.955
2025-07-25,1.61,1.58,1.61,1.57,-1.25,128835908,0.6872,33.0171,0.9431
2025-07-28,1.57,1.56,1.58,1.55,-1.2658,107601737,0.574,32.5991,0.9311
2025-07-29,1.56,1.56,1.57,1.54,0.0,87255768,0.4654,32.5991,0.9311
2025-07-30,1.56,1.55,1.58,1.55,-0.641,104691229,0.5584,32.3902,0.9252
2025-07-31,1.55,1.53,1.56,1.52,-1.2903,108222369,0.5773,31.9722,0.9132
2025-08-01,1.53,1.53,1.55,1.52,0.0,60062912,0.3204,31.9722,0.9132
2025-08-04,1.52,1.54,1.54,1.52,0.6536,40281984,0.2149,32.1812,0.9192
2025-08-05,1.61,1.58,1.64,1.57,2.5974,197436618,1.0532,33.0171,0.9431
2025-08-06,1.58,1.57,1.59,1.56,-0.6329,116018164,0.6189,32.8081,0.9371
2025-08-07,1.58,1.59,1.61,1.57,1.2739,150543422,0.803,33.226,0.949
2025-08-08,1.6,1.6,1.61,1.59,0.6289,97958027,0.5225,33.435,0.955
2025-08-11,1.6,1.6,1.61,1.59,0.0,68234361,0.364,33.435,0.955
2025-08-12,1.6,1.6,1.61,1.59,0.0,77703710,0.4145,33.435,0.955
2025-08-13,1.6,1.61,1.62,1.59,0.625,112317968,0.5991,33.644,0.961
2025-08-14,1.62,1.59,1.63,1.58,-1.2422,127334187,0.6792,33.226,0.949
2025-08-15,1.58,1.61,1.61,1.58,1.2579,82857506,0.442,33.644,0.961
2025-08-18,1.6,1.61,1.63,1.6,0.0,108189097,0.5771,33.644,0.961
2025-08-19,1.62,1.6,1.62,1.6,-0.6211,67510772,0.3601,33.435,0.955
2025-08-20,1.6,1.6,1.61,1.58,0.0,93729973,0.5,33.435,0.955
2025-08-21,1.61,1.62,1.64,1.6,1.25,152541234,0.8137,33.8529,0.967
2025-08-22,1.63,1.63,1.64,1.61,0.6173,124084339,0.6619,34.0619,0.9729
2025-08-25,1.63,1.66,1.67,1.63,1.8405,158869501,0.8475,34.6888,0.9908
2025-08-26,1.66,1.64,1.68,1.64,-1.2048,236206940,1.26,34.2709,0.9789
2025-08-27,1.65,1.61,1.65,1.61,-1.8293,137272264,0.7322,33.644,0.961
2025-08-28,1.61,1.64,1.65,1.61,1.8634,160763542,0.8576,34.2709,0.9789
2025-08-29,1.65,1.66,1.71,1.64,1.2195,201820124,1.0766,34.6888,0.9908
2025-09-01,1.66,1.67,1.67,1.63,0.6024,166762163,0.8896,34.8978,0.9968
2025-09-02,1.67,1.67,1.69,1.66,0.0,153620361,0.8343,34.4106,0.9829
2025-09-03,1.67,1.66,1.68,1.63,-0.5988,149729716,0.8132,34.2046,0.977
2025-09-04,1.65,1.64,1.66,1.63,-1.2048,106016888,0.5758,33.7925,0.9652
2025-09-05,1.64,1.66,1.66,1.63,1.2195,92479616,0.5023,34.2046,0.977
2025-09-08,1.66,1.69,1.7,1.65,1.8072,157796482,0.857,34.8227,0.9947
2025-09-09,1.69,1.69,1.7,1.67,0.0,115061965,0.6249,34.8227,0.9947
2025-09-10,1.68,1.71,1.72,1.67,1.1834,151661160,0.8237,35.2348,1.0064
2025-09-11,1.7,1.72,1.72,1.69,0.5848,100028723,0.5432,35.4409,1.0123
2025-09-12,1.72,1.77,1.77,1.71,2.907,218961849,1.1892,36.4711,1.0417
2025-09-15,1.77,1.77,1.83,1.74,0.0,241475370,1.3114,36.4711,1.0417
2025-09-16,1.77,1.84,1.84,1.76,3.9548,342234613,1.8587,37.9135,1.0829
2025-09-17,1.84,1.82,1.85,1.79,-1.087,261989132,1.4228,37.5014,1.0712
2025-09-18,1.82,1.87,1.94,1.81,2.7473,450888475,2.4487,38.5317,1.1006
2025-09-19,1.87,1.81,1.9,1.79,-3.2086,283479461,1.5396,37.2954,1.0653
2025-09-22,1.8,1.77,1.81,1.75,-2.2099,201851428,1.0962,36.4711,1.0417
2025-09-23,1.77,1.78,1.8,1.74,0.565,216443626,1.1755,36.6772,1.0476
2025-09-24,1.76,1.78,1.8,1.74,0.0,170420093,0.9255,36.6772,1.0476
2025-09-25,1.78,1.73,1.78,1.72,-2.809,177975910,0.9666,35.6469,1.0182
2025-09-26,1.72,1.74,1.75,1.71,0.578,130564528,0.7091,35.853,1.0241
2025-09-29,1.73,1.74,1.76,1.69,0.0,146248952,0.7943,35.853,1.0241
2025-09-30,1.73,1.74,1.76,1.73,0.0,101519884,0.5513,35.853,1.0155
2025-10-09,1.75,1.77,1.8,1.74,1.7241,145564915,0.7906,36.4711,1.033
2025-10-10,1.77,1.78,1.82,1.76,0.565,150845174,0.8192,36.6772,1.0389
2025-10-13,1.75,1.77,1.78,1.73,-0.5618,131384175,0.7135,36.4711,1.033
2025-10-14,1.78,1.79,1.84,1.77,1.1299,202285199,1.0986,36.8833,1.0447
2025-10-15,1.79,1.8,1.81,1.78,0.5587,136660365,0.7422,37.0893,1.0505
2025-10-16,1.79,1.78,1.81,1.76,-1.1111,137260711,0.7455,36.6772,1.0389
2025-10-17,1.78,1.75,1.8,1.74,-1.6854,134996279,0.7332,36.059,1.0214
2025-10-20,1.75,1.77,1.79,1.75,1.1429,112066424,0.6086,36.4711,1.033
2025-10-21,1.77,1.8,1.81,1.76,1.6949,155509315,0.8446,37.0893,1.0505
2025-10-22,1.8,1.8,1.81,1.78,0.0,101828808,0.553,37.0893,1.0505
2025-10-23,1.79,1.81,1.82,1.78,0.5556,164192431,0.8917,37.2954,1.0564
2025-10-24,1.8,1.78,1.82,1.77,-1.6575,148404237,0.806,36.6772,1.0389
2025-10-27,1.78,1.78,1.8,1.77,0.0,110632661,0.6008,36.6772,1.0389
2025-10-28,1.79,1.79,1.81,1.78,0.5618,116895499,0.6349,36.8833,1.0447
2025-10-29,1.78,1.8,1.82,1.77,0.5587,169094677,0.9183,37.0893,1.0505
2025-10-30,1.8,1.79,1.82,1.78,-0.5556,191378202,1.0394,36.8833,1.0447
2025-10-31,1.78,1.71,1.8,1.71,-4.4693,336215801,1.826,35.2348,0.998
2025-11-03,1.71,1.69,1.72,1.68,-1.1696,219621183,1.1927,34.8227,0.9863
2025-11-04,1.69,1.68,1.71,1.67,-0.5917,169033075,0.918,34.6167,0.9805
2025-11-05,1.67,1.7,1.71,1.66,1.1905,150355063,0.8166,35.0288,0.9922
2025-11-06,1.7,1.69,1.7,1.68,-0.5882,121197053,0.6582,34.8227,0.9863
2025-11-07,1.69,1.69,1.7,1.68,0.0,92772918,0.5038,34.8227,0.9863
2025-11-10,1.7,1.71,1.72,1.68,1.1834,132299756,0.7185,35.2348,0.998
2025-11-11,1.71,1.72,1.73,1.7,0.5848,128563005,0.6982,35.4409,1.0039
2025-11-12,1.72,1.7,1.72,1.69,-1.1628,111744908,0.6069,35.0288,0.9922
2025-11-13,1.7,1.72,1.73,1.69,1.1765,137791778,0.7483,35.4409,1.0039
2025-11-14,1.71,1.75,1.78,1.71,1.7442,252421094,1.3709,36.059,1.0214
2025-11-17,1.76,1.76,1.77,1.74,0.5714,139641547,0.7584,36.2651,1.0272
2025-11-18,1.76,1.7,1.76,1.69,-3.4091,204762854,1.1121,35.0288,0.9922
2025-11-19,1.69,1.69,1.71,1.68,-0.5882,84559484,0.4592,34.8227,0.9863
2025-11-20,1.7,1.68,1.7,1.68,-0.5917,100792261,0.5474,34.6167,0.9805
2025-11-21,1.67,1.63,1.68,1.63,-2.9762,161270678,0.8758,33.5864,0.9513
